CREATE TABLE "mxmodelreflection$mxobjectreference" (
	"id" BIGINT NOT NULL,
	"completename" VARCHAR_IGNORECASE(200) NULL,
	"module" VARCHAR_IGNORECASE(200) NULL,
	"name" VARCHAR_IGNORECASE(200) NULL,
	"readablename" VARCHAR_IGNORECASE(200) NULL,
	"referencetype" VARCHAR_IGNORECASE(12) NULL,
	"associationowner" VARCHAR_IGNORECASE(8) NULL,
	"parententity" VARCHAR_IGNORECASE(200) NULL,
	"createddate" TIMESTAMP NULL,
	"changeddate" TIMESTAMP NULL,
	"system$owner" BIGINT NULL,
	"system$changedby" BIGINT NULL,
	PRIMARY KEY("id"));
CREATE INDEX "idx_mxmodelreflection$mxobjectreference_system$owner" ON "mxmodelreflection$mxobjectreference" ("system$owner" ASC,"id" ASC);
CREATE INDEX "idx_mxmodelreflection$mxobjectreference_system$changedby" ON "mxmodelreflection$mxobjectreference" ("system$changedby" ASC,"id" ASC);
INSERT INTO "mendixsystem$entity" ("id", 
"entity_name", 
"table_name", 
"remote", 
"remote_primary_key")
 VALUES ('1924ec90-c76d-4d34-828f-ee4cf24dc1ca', 
'MxModelReflection.MxObjectReference', 
'mxmodelreflection$mxobjectreference', 
false, 
false);
INSERT INTO "mendixsystem$attribute" ("id", 
"entity_id", 
"attribute_name", 
"column_name", 
"type", 
"length", 
"default_value", 
"is_auto_number")
 VALUES ('babe2345-223d-4314-8839-f624f5d7a264', 
'1924ec90-c76d-4d34-828f-ee4cf24dc1ca', 
'CompleteName', 
'completename', 
30, 
200, 
'', 
false);
INSERT INTO "mendixsystem$attribute" ("id", 
"entity_id", 
"attribute_name", 
"column_name", 
"type", 
"length", 
"default_value", 
"is_auto_number")
 VALUES ('0ffa134f-ded9-42e6-be5e-b140cbb9dc6d', 
'1924ec90-c76d-4d34-828f-ee4cf24dc1ca', 
'Module', 
'module', 
30, 
200, 
'', 
false);
INSERT INTO "mendixsystem$attribute" ("id", 
"entity_id", 
"attribute_name", 
"column_name", 
"type", 
"length", 
"default_value", 
"is_auto_number")
 VALUES ('d2af708a-259b-44f7-b8c9-50426f47eb23', 
'1924ec90-c76d-4d34-828f-ee4cf24dc1ca', 
'Name', 
'name', 
30, 
200, 
'', 
false);
INSERT INTO "mendixsystem$attribute" ("id", 
"entity_id", 
"attribute_name", 
"column_name", 
"type", 
"length", 
"default_value", 
"is_auto_number")
 VALUES ('cc413f7c-3952-420b-a147-349eab7939fe', 
'1924ec90-c76d-4d34-828f-ee4cf24dc1ca', 
'ReadableName', 
'readablename', 
30, 
200, 
'', 
false);
INSERT INTO "mendixsystem$attribute" ("id", 
"entity_id", 
"attribute_name", 
"column_name", 
"type", 
"length", 
"default_value", 
"is_auto_number")
 VALUES ('01eef0f8-775c-4a65-9715-5214f810532d', 
'1924ec90-c76d-4d34-828f-ee4cf24dc1ca', 
'ReferenceType', 
'referencetype', 
40, 
12, 
'', 
false);
INSERT INTO "mendixsystem$attribute" ("id", 
"entity_id", 
"attribute_name", 
"column_name", 
"type", 
"length", 
"default_value", 
"is_auto_number")
 VALUES ('6508cd14-54cc-47ab-9a35-2c9776321379', 
'1924ec90-c76d-4d34-828f-ee4cf24dc1ca', 
'AssociationOwner', 
'associationowner', 
40, 
8, 
'_Default', 
false);
INSERT INTO "mendixsystem$attribute" ("id", 
"entity_id", 
"attribute_name", 
"column_name", 
"type", 
"length", 
"default_value", 
"is_auto_number")
 VALUES ('d67828f1-ffb1-4830-af94-cb22de244338', 
'1924ec90-c76d-4d34-828f-ee4cf24dc1ca', 
'ParentEntity', 
'parententity', 
30, 
200, 
'', 
false);
INSERT INTO "mendixsystem$attribute" ("id", 
"entity_id", 
"attribute_name", 
"column_name", 
"type", 
"length", 
"default_value", 
"is_auto_number")
 VALUES ('4bc80588-919d-3142-b7af-6c2b277ec107', 
'1924ec90-c76d-4d34-828f-ee4cf24dc1ca', 
'createdDate', 
'createddate', 
20, 
0, 
'', 
false);
INSERT INTO "mendixsystem$attribute" ("id", 
"entity_id", 
"attribute_name", 
"column_name", 
"type", 
"length", 
"default_value", 
"is_auto_number")
 VALUES ('acdd3f51-f5d7-34d6-8cbb-812d2c4decc5', 
'1924ec90-c76d-4d34-828f-ee4cf24dc1ca', 
'changedDate', 
'changeddate', 
20, 
0, 
'', 
false);
INSERT INTO "mendixsystem$index" ("id", 
"table_id", 
"index_name")
 VALUES ('c51b482c-bed3-3e68-8c16-f3a3649771bb', 
'1924ec90-c76d-4d34-828f-ee4cf24dc1ca', 
'idx_mxmodelreflection$mxobjectreference_system$owner');
INSERT INTO "mendixsystem$index_column" ("index_id", 
"column_id", 
"sort_order", 
"ordinal")
 VALUES ('c51b482c-bed3-3e68-8c16-f3a3649771bb', 
'59373ad7-79bf-379a-ab47-b9d72585188c', 
false, 
0);
INSERT INTO "mendixsystem$index" ("id", 
"table_id", 
"index_name")
 VALUES ('5e1f4050-2510-3907-9cd8-50891d1d6caa', 
'1924ec90-c76d-4d34-828f-ee4cf24dc1ca', 
'idx_mxmodelreflection$mxobjectreference_system$changedby');
INSERT INTO "mendixsystem$index_column" ("index_id", 
"column_id", 
"sort_order", 
"ordinal")
 VALUES ('5e1f4050-2510-3907-9cd8-50891d1d6caa', 
'8589a8e2-97f8-3046-8df6-86965c645820', 
false, 
0);
INSERT INTO "mendixsystem$association" ("id", 
"association_name", 
"table_name", 
"parent_entity_id", 
"child_entity_id", 
"parent_column_name", 
"child_column_name")
 VALUES ('59373ad7-79bf-379a-ab47-b9d72585188c', 
'System.owner', 
'system$owner', 
'1924ec90-c76d-4d34-828f-ee4cf24dc1ca', 
'282e2e60-88a5-469d-84a5-ba8d9151644f', 
'id', 
'system$owner');
INSERT INTO "mendixsystem$association" ("id", 
"association_name", 
"table_name", 
"parent_entity_id", 
"child_entity_id", 
"parent_column_name", 
"child_column_name")
 VALUES ('8589a8e2-97f8-3046-8df6-86965c645820', 
'System.changedBy', 
'system$changedby', 
'1924ec90-c76d-4d34-828f-ee4cf24dc1ca', 
'282e2e60-88a5-469d-84a5-ba8d9151644f', 
'id', 
'system$changedby');
CREATE TABLE "mxmodelreflection$mxobjectreference_mxobjecttype_parent" (
	"mxmodelreflection$mxobjectreferenceid" BIGINT NOT NULL,
	"mxmodelreflection$mxobjecttypeid" BIGINT NOT NULL,
	PRIMARY KEY("mxmodelreflection$mxobjectreferenceid","mxmodelreflection$mxobjecttypeid"));
CREATE INDEX "idx_mxmodelreflection$mxobjectreference_mxobjecttype_parent_mxmodelreflection$mxobjecttype_mxmodelreflection$mxobjectreference" ON "mxmodelreflection$mxobjectreference_mxobjecttype_parent" ("mxmodelreflection$mxobjecttypeid" ASC,"mxmodelreflection$mxobjectreferenceid" ASC);
INSERT INTO "mendixsystem$association" ("id", 
"association_name", 
"table_name", 
"parent_entity_id", 
"child_entity_id", 
"parent_column_name", 
"child_column_name", 
"index_name")
 VALUES ('e6467852-1383-49d2-98f8-d5ab30a17783', 
'MxModelReflection.MxObjectReference_MxObjectType_Parent', 
'mxmodelreflection$mxobjectreference_mxobjecttype_parent', 
'1924ec90-c76d-4d34-828f-ee4cf24dc1ca', 
'a2e02af3-924f-4960-8ea0-3931d519e13c', 
'mxmodelreflection$mxobjectreferenceid', 
'mxmodelreflection$mxobjecttypeid', 
'idx_mxmodelreflection$mxobjectreference_mxobjecttype_parent_mxmodelreflection$mxobjecttype_mxmodelreflection$mxobjectreference');
CREATE TABLE "mxmodelreflection$mxobjectreference_mxobjecttype" (
	"mxmodelreflection$mxobjectreferenceid" BIGINT NOT NULL,
	"mxmodelreflection$mxobjecttypeid" BIGINT NOT NULL,
	PRIMARY KEY("mxmodelreflection$mxobjectreferenceid","mxmodelreflection$mxobjecttypeid"));
CREATE INDEX "idx_mxmodelreflection$mxobjectreference_mxobjecttype_mxmodelreflection$mxobjecttype_mxmodelreflection$mxobjectreference" ON "mxmodelreflection$mxobjectreference_mxobjecttype" ("mxmodelreflection$mxobjecttypeid" ASC,"mxmodelreflection$mxobjectreferenceid" ASC);
INSERT INTO "mendixsystem$association" ("id", 
"association_name", 
"table_name", 
"parent_entity_id", 
"child_entity_id", 
"parent_column_name", 
"child_column_name", 
"index_name")
 VALUES ('d9742ee6-d0dd-489f-a6b3-ccc475c1b263', 
'MxModelReflection.MxObjectReference_MxObjectType', 
'mxmodelreflection$mxobjectreference_mxobjecttype', 
'1924ec90-c76d-4d34-828f-ee4cf24dc1ca', 
'a2e02af3-924f-4960-8ea0-3931d519e13c', 
'mxmodelreflection$mxobjectreferenceid', 
'mxmodelreflection$mxobjecttypeid', 
'idx_mxmodelreflection$mxobjectreference_mxobjecttype_mxmodelreflection$mxobjecttype_mxmodelreflection$mxobjectreference');
CREATE TABLE "mxmodelreflection$mxobjectreference_module" (
	"mxmodelreflection$mxobjectreferenceid" BIGINT NOT NULL,
	"mxmodelreflection$moduleid" BIGINT NOT NULL,
	PRIMARY KEY("mxmodelreflection$mxobjectreferenceid","mxmodelreflection$moduleid"),
	CONSTRAINT "uniq_mxmodelreflection$mxobjectreference_module_mxmodelreflection$mxobjectreferenceid" UNIQUE ("mxmodelreflection$mxobjectreferenceid"));
CREATE INDEX "idx_mxmodelreflection$mxobjectreference_module_mxmodelreflection$module_mxmodelreflection$mxobjectreference" ON "mxmodelreflection$mxobjectreference_module" ("mxmodelreflection$moduleid" ASC,"mxmodelreflection$mxobjectreferenceid" ASC);
INSERT INTO "mendixsystem$association" ("id", 
"association_name", 
"table_name", 
"parent_entity_id", 
"child_entity_id", 
"parent_column_name", 
"child_column_name", 
"index_name")
 VALUES ('d619e4d1-cace-4428-9043-007c59753c11', 
'MxModelReflection.MxObjectReference_Module', 
'mxmodelreflection$mxobjectreference_module', 
'1924ec90-c76d-4d34-828f-ee4cf24dc1ca', 
'ce751dfd-ca45-4842-bf30-f24ec84abf16', 
'mxmodelreflection$mxobjectreferenceid', 
'mxmodelreflection$moduleid', 
'idx_mxmodelreflection$mxobjectreference_module_mxmodelreflection$module_mxmodelreflection$mxobjectreference');
INSERT INTO "mendixsystem$unique_constraint" ("name", 
"table_id", 
"column_id")
 VALUES ('uniq_mxmodelreflection$mxobjectreference_module_mxmodelreflection$mxobjectreferenceid', 
'd619e4d1-cace-4428-9043-007c59753c11', 
'4d348fde-9764-33e5-92f8-5d9290ae9866');
CREATE TABLE "mxmodelreflection$mxobjectreference_mxobjecttype_child" (
	"mxmodelreflection$mxobjectreferenceid" BIGINT NOT NULL,
	"mxmodelreflection$mxobjecttypeid" BIGINT NOT NULL,
	PRIMARY KEY("mxmodelreflection$mxobjectreferenceid","mxmodelreflection$mxobjecttypeid"));
CREATE INDEX "idx_mxmodelreflection$mxobjectreference_mxobjecttype_child_mxmodelreflection$mxobjecttype_mxmodelreflection$mxobjectreference" ON "mxmodelreflection$mxobjectreference_mxobjecttype_child" ("mxmodelreflection$mxobjecttypeid" ASC,"mxmodelreflection$mxobjectreferenceid" ASC);
INSERT INTO "mendixsystem$association" ("id", 
"association_name", 
"table_name", 
"parent_entity_id", 
"child_entity_id", 
"parent_column_name", 
"child_column_name", 
"index_name")
 VALUES ('b6d6036a-3ee7-4936-bdf7-8abf344dacc0', 
'MxModelReflection.MxObjectReference_MxObjectType_Child', 
'mxmodelreflection$mxobjectreference_mxobjecttype_child', 
'1924ec90-c76d-4d34-828f-ee4cf24dc1ca', 
'a2e02af3-924f-4960-8ea0-3931d519e13c', 
'mxmodelreflection$mxobjectreferenceid', 
'mxmodelreflection$mxobjecttypeid', 
'idx_mxmodelreflection$mxobjectreference_mxobjecttype_child_mxmodelreflection$mxobjecttype_mxmodelreflection$mxobjectreference');
CREATE TABLE "excelimporter$column" (
	"id" BIGINT NOT NULL,
	"colnumber" INT NULL,
	"text" VARCHAR_IGNORECASE(2147483647) NULL,
	"mappingtype" VARCHAR_IGNORECASE(9) NULL,
	"iskey" VARCHAR_IGNORECASE(3) NULL,
	"isreferencekey" VARCHAR_IGNORECASE(26) NULL,
	"status" VARCHAR_IGNORECASE(7) NULL,
	"details" VARCHAR_IGNORECASE(1000) NULL,
	"casesensitive" VARCHAR_IGNORECASE(3) NULL,
	"findattribute" VARCHAR_IGNORECASE(200) NULL,
	"findreference" VARCHAR_IGNORECASE(200) NULL,
	"findobjecttype" VARCHAR_IGNORECASE(200) NULL,
	"findmicroflow" VARCHAR_IGNORECASE(200) NULL,
	"datasource" VARCHAR_IGNORECASE(23) NULL,
	"attributetypeenum" VARCHAR_IGNORECASE(11) NULL,
	"inputmask" VARCHAR_IGNORECASE(20) NULL,
	"createddate" TIMESTAMP NULL,
	"changeddate" TIMESTAMP NULL,
	"system$changedby" BIGINT NULL,
	"system$owner" BIGINT NULL,
	PRIMARY KEY("id"));
CREATE INDEX "idx_excelimporter$column_system$changedby" ON "excelimporter$column" ("system$changedby" ASC,"id" ASC);
CREATE INDEX "idx_excelimporter$column_system$owner" ON "excelimporter$column" ("system$owner" ASC,"id" ASC);
INSERT INTO "mendixsystem$entity" ("id", 
"entity_name", 
"table_name", 
"remote", 
"remote_primary_key")
 VALUES ('e955893e-a8e1-4e29-9302-d412d242a896', 
'ExcelImporter.Column', 
'excelimporter$column', 
false, 
false);
INSERT INTO "mendixsystem$attribute" ("id", 
"entity_id", 
"attribute_name", 
"column_name", 
"type", 
"length", 
"default_value", 
"is_auto_number")
 VALUES ('a390a95a-9575-4a92-a2bb-a19dec56613c', 
'e955893e-a8e1-4e29-9302-d412d242a896', 
'ColNumber', 
'colnumber', 
3, 
0, 
'', 
false);
INSERT INTO "mendixsystem$attribute" ("id", 
"entity_id", 
"attribute_name", 
"column_name", 
"type", 
"length", 
"default_value", 
"is_auto_number")
 VALUES ('235b5257-f06a-4228-ac1f-20ea9f649311', 
'e955893e-a8e1-4e29-9302-d412d242a896', 
'Text', 
'text', 
30, 
0, 
'', 
false);
INSERT INTO "mendixsystem$attribute" ("id", 
"entity_id", 
"attribute_name", 
"column_name", 
"type", 
"length", 
"default_value", 
"is_auto_number")
 VALUES ('4614b99d-28b7-494d-b85e-02a83adbf845', 
'e955893e-a8e1-4e29-9302-d412d242a896', 
'MappingType', 
'mappingtype', 
40, 
9, 
'DoNotUse', 
false);
INSERT INTO "mendixsystem$attribute" ("id", 
"entity_id", 
"attribute_name", 
"column_name", 
"type", 
"length", 
"default_value", 
"is_auto_number")
 VALUES ('5f3b688f-2b50-4fbe-a6c6-30677a62c7ee', 
'e955893e-a8e1-4e29-9302-d412d242a896', 
'IsKey', 
'iskey', 
40, 
3, 
'No', 
false);
INSERT INTO "mendixsystem$attribute" ("id", 
"entity_id", 
"attribute_name", 
"column_name", 
"type", 
"length", 
"default_value", 
"is_auto_number")
 VALUES ('ce666201-37d0-4b5f-8df4-dd97ae075212', 
'e955893e-a8e1-4e29-9302-d412d242a896', 
'IsReferenceKey', 
'isreferencekey', 
40, 
26, 
'NoKey', 
false);
INSERT INTO "mendixsystem$attribute" ("id", 
"entity_id", 
"attribute_name", 
"column_name", 
"type", 
"length", 
"default_value", 
"is_auto_number")
 VALUES ('0122bf14-c79c-4a66-a8d0-c4f68080903d', 
'e955893e-a8e1-4e29-9302-d412d242a896', 
'Status', 
'status', 
40, 
7, 
'INFO', 
false);
INSERT INTO "mendixsystem$attribute" ("id", 
"entity_id", 
"attribute_name", 
"column_name", 
"type", 
"length", 
"default_value", 
"is_auto_number")
 VALUES ('9268113c-c07f-4b86-b38b-b2f316fc8f13', 
'e955893e-a8e1-4e29-9302-d412d242a896', 
'Details', 
'details', 
30, 
1000, 
'', 
false);
INSERT INTO "mendixsystem$attribute" ("id", 
"entity_id", 
"attribute_name", 
"column_name", 
"type", 
"length", 
"default_value", 
"is_auto_number")
 VALUES ('25516b3f-f5a8-45bb-9033-da1bb5fa1197', 
'e955893e-a8e1-4e29-9302-d412d242a896', 
'CaseSensitive', 
'casesensitive', 
40, 
3, 
'No', 
false);
INSERT INTO "mendixsystem$attribute" ("id", 
"entity_id", 
"attribute_name", 
"column_name", 
"type", 
"length", 
"default_value", 
"is_auto_number")
 VALUES ('9dd2c2d8-e4f1-4eae-b8d9-71ab8e35e366', 
'e955893e-a8e1-4e29-9302-d412d242a896', 
'FindAttribute', 
'findattribute', 
30, 
200, 
'', 
false);
INSERT INTO "mendixsystem$attribute" ("id", 
"entity_id", 
"attribute_name", 
"column_name", 
"type", 
"length", 
"default_value", 
"is_auto_number")
 VALUES ('27fe8936-0ba7-4b21-9f56-dbfc7530db34', 
'e955893e-a8e1-4e29-9302-d412d242a896', 
'FindReference', 
'findreference', 
30, 
200, 
'', 
false);
INSERT INTO "mendixsystem$attribute" ("id", 
"entity_id", 
"attribute_name", 
"column_name", 
"type", 
"length", 
"default_value", 
"is_auto_number")
 VALUES ('2e08937b-22cd-4bc3-8441-f4574064abc2', 
'e955893e-a8e1-4e29-9302-d412d242a896', 
'FindObjectType', 
'findobjecttype', 
30, 
200, 
'', 
false);
INSERT INTO "mendixsystem$attribute" ("id", 
"entity_id", 
"attribute_name", 
"column_name", 
"type", 
"length", 
"default_value", 
"is_auto_number")
 VALUES ('3aa18776-3640-404a-be5a-ca39d41769d7', 
'e955893e-a8e1-4e29-9302-d412d242a896', 
'FindMicroflow', 
'findmicroflow', 
30, 
200, 
'', 
false);
INSERT INTO "mendixsystem$attribute" ("id", 
"entity_id", 
"attribute_name", 
"column_name", 
"type", 
"length", 
"default_value", 
"is_auto_number")
 VALUES ('51196e48-cd9a-4ffb-8bf2-db8ba975538d', 
'e955893e-a8e1-4e29-9302-d412d242a896', 
'DataSource', 
'datasource', 
40, 
23, 
'CellValue', 
false);
INSERT INTO "mendixsystem$attribute" ("id", 
"entity_id", 
"attribute_name", 
"column_name", 
"type", 
"length", 
"default_value", 
"is_auto_number")
 VALUES ('9ac1635a-e94e-4073-874e-504d0a4ef3e8', 
'e955893e-a8e1-4e29-9302-d412d242a896', 
'AttributeTypeEnum', 
'attributetypeenum', 
40, 
11, 
'', 
false);
INSERT INTO "mendixsystem$attribute" ("id", 
"entity_id", 
"attribute_name", 
"column_name", 
"type", 
"length", 
"default_value", 
"is_auto_number")
 VALUES ('2ab45028-7492-4e9f-af66-e4643788572a', 
'e955893e-a8e1-4e29-9302-d412d242a896', 
'InputMask', 
'inputmask', 
30, 
20, 
'', 
false);
INSERT INTO "mendixsystem$attribute" ("id", 
"entity_id", 
"attribute_name", 
"column_name", 
"type", 
"length", 
"default_value", 
"is_auto_number")
 VALUES ('405dd939-cf45-3020-92df-7eb9f1921318', 
'e955893e-a8e1-4e29-9302-d412d242a896', 
'createdDate', 
'createddate', 
20, 
0, 
'', 
false);
INSERT INTO "mendixsystem$attribute" ("id", 
"entity_id", 
"attribute_name", 
"column_name", 
"type", 
"length", 
"default_value", 
"is_auto_number")
 VALUES ('4a4ae5dd-8d39-32a8-901e-6509eb21b8f8', 
'e955893e-a8e1-4e29-9302-d412d242a896', 
'changedDate', 
'changeddate', 
20, 
0, 
'', 
false);
INSERT INTO "mendixsystem$index" ("id", 
"table_id", 
"index_name")
 VALUES ('f7f7e0fc-ad77-3298-b9f9-bc1c905b3f62', 
'e955893e-a8e1-4e29-9302-d412d242a896', 
'idx_excelimporter$column_system$changedby');
INSERT INTO "mendixsystem$index_column" ("index_id", 
"column_id", 
"sort_order", 
"ordinal")
 VALUES ('f7f7e0fc-ad77-3298-b9f9-bc1c905b3f62', 
'0170d596-e7cb-3871-b203-ea81578ab012', 
false, 
0);
INSERT INTO "mendixsystem$index" ("id", 
"table_id", 
"index_name")
 VALUES ('0513ca3a-75ed-3a0f-b650-5bc251193de9', 
'e955893e-a8e1-4e29-9302-d412d242a896', 
'idx_excelimporter$column_system$owner');
INSERT INTO "mendixsystem$index_column" ("index_id", 
"column_id", 
"sort_order", 
"ordinal")
 VALUES ('0513ca3a-75ed-3a0f-b650-5bc251193de9', 
'a0506789-f77a-31d1-a9d9-66db65f61d0e', 
false, 
0);
INSERT INTO "mendixsystem$association" ("id", 
"association_name", 
"table_name", 
"parent_entity_id", 
"child_entity_id", 
"parent_column_name", 
"child_column_name")
 VALUES ('0170d596-e7cb-3871-b203-ea81578ab012', 
'System.changedBy', 
'system$changedby', 
'e955893e-a8e1-4e29-9302-d412d242a896', 
'282e2e60-88a5-469d-84a5-ba8d9151644f', 
'id', 
'system$changedby');
INSERT INTO "mendixsystem$association" ("id", 
"association_name", 
"table_name", 
"parent_entity_id", 
"child_entity_id", 
"parent_column_name", 
"child_column_name")
 VALUES ('a0506789-f77a-31d1-a9d9-66db65f61d0e', 
'System.owner', 
'system$owner', 
'e955893e-a8e1-4e29-9302-d412d242a896', 
'282e2e60-88a5-469d-84a5-ba8d9151644f', 
'id', 
'system$owner');
CREATE TABLE "excelimporter$column_mastercolumn" (
	"excelimporter$columnid1" BIGINT NOT NULL,
	"excelimporter$columnid2" BIGINT NOT NULL,
	PRIMARY KEY("excelimporter$columnid1","excelimporter$columnid2"),
	CONSTRAINT "uniq_excelimporter$column_mastercolumn_excelimporter$columnid1" UNIQUE ("excelimporter$columnid1"));
CREATE INDEX "idx_excelimporter$column_mastercolumn_excelimporter$column_excelimporter$column" ON "excelimporter$column_mastercolumn" ("excelimporter$columnid2" ASC,"excelimporter$columnid1" ASC);
INSERT INTO "mendixsystem$association" ("id", 
"association_name", 
"table_name", 
"parent_entity_id", 
"child_entity_id", 
"parent_column_name", 
"child_column_name", 
"index_name")
 VALUES ('6772c30a-2686-4530-a36a-641cb437cba7', 
'ExcelImporter.Column_MasterColumn', 
'excelimporter$column_mastercolumn', 
'e955893e-a8e1-4e29-9302-d412d242a896', 
'e955893e-a8e1-4e29-9302-d412d242a896', 
'excelimporter$columnid1', 
'excelimporter$columnid2', 
'idx_excelimporter$column_mastercolumn_excelimporter$column_excelimporter$column');
INSERT INTO "mendixsystem$unique_constraint" ("name", 
"table_id", 
"column_id")
 VALUES ('uniq_excelimporter$column_mastercolumn_excelimporter$columnid1', 
'6772c30a-2686-4530-a36a-641cb437cba7', 
'740b3764-9fc5-3854-9191-ed173ddc032d');
CREATE TABLE "excelimporter$column_template" (
	"excelimporter$columnid" BIGINT NOT NULL,
	"excelimporter$templateid" BIGINT NOT NULL,
	PRIMARY KEY("excelimporter$columnid","excelimporter$templateid"),
	CONSTRAINT "uniq_excelimporter$column_template_excelimporter$columnid" UNIQUE ("excelimporter$columnid"));
CREATE INDEX "idx_excelimporter$column_template_excelimporter$template_excelimporter$column" ON "excelimporter$column_template" ("excelimporter$templateid" ASC,"excelimporter$columnid" ASC);
INSERT INTO "mendixsystem$association" ("id", 
"association_name", 
"table_name", 
"parent_entity_id", 
"child_entity_id", 
"parent_column_name", 
"child_column_name", 
"index_name")
 VALUES ('afba8eb2-1745-45c6-84b3-c98a4d2a0ee7', 
'ExcelImporter.Column_Template', 
'excelimporter$column_template', 
'e955893e-a8e1-4e29-9302-d412d242a896', 
'0e76c0cf-9d03-43de-907e-3ca34fa67a45', 
'excelimporter$columnid', 
'excelimporter$templateid', 
'idx_excelimporter$column_template_excelimporter$template_excelimporter$column');
INSERT INTO "mendixsystem$unique_constraint" ("name", 
"table_id", 
"column_id")
 VALUES ('uniq_excelimporter$column_template_excelimporter$columnid', 
'afba8eb2-1745-45c6-84b3-c98a4d2a0ee7', 
'a903b2d0-c02e-34e9-ad42-6fd822de1403');
CREATE TABLE "excelimporter$column_microflows" (
	"excelimporter$columnid" BIGINT NOT NULL,
	"mxmodelreflection$microflowsid" BIGINT NOT NULL,
	PRIMARY KEY("excelimporter$columnid","mxmodelreflection$microflowsid"),
	CONSTRAINT "uniq_excelimporter$column_microflows_excelimporter$columnid" UNIQUE ("excelimporter$columnid"));
CREATE INDEX "idx_excelimporter$column_microflows_mxmodelreflection$microflows_excelimporter$column" ON "excelimporter$column_microflows" ("mxmodelreflection$microflowsid" ASC,"excelimporter$columnid" ASC);
INSERT INTO "mendixsystem$association" ("id", 
"association_name", 
"table_name", 
"parent_entity_id", 
"child_entity_id", 
"parent_column_name", 
"child_column_name", 
"index_name")
 VALUES ('0ac24e5b-5421-4cf4-a515-75baf46c9bf8', 
'ExcelImporter.Column_Microflows', 
'excelimporter$column_microflows', 
'e955893e-a8e1-4e29-9302-d412d242a896', 
'607e87be-a1ee-46ab-9f25-3c2ef3109b56', 
'excelimporter$columnid', 
'mxmodelreflection$microflowsid', 
'idx_excelimporter$column_microflows_mxmodelreflection$microflows_excelimporter$column');
INSERT INTO "mendixsystem$unique_constraint" ("name", 
"table_id", 
"column_id")
 VALUES ('uniq_excelimporter$column_microflows_excelimporter$columnid', 
'0ac24e5b-5421-4cf4-a515-75baf46c9bf8', 
'aca2f67a-21ae-3221-83d7-61fd51478270');
CREATE TABLE "excelimporter$column_valuetype" (
	"excelimporter$columnid" BIGINT NOT NULL,
	"mxmodelreflection$valuetypeid" BIGINT NOT NULL,
	PRIMARY KEY("excelimporter$columnid","mxmodelreflection$valuetypeid"),
	CONSTRAINT "uniq_excelimporter$column_valuetype_excelimporter$columnid" UNIQUE ("excelimporter$columnid"));
CREATE INDEX "idx_excelimporter$column_valuetype_mxmodelreflection$valuetype_excelimporter$column" ON "excelimporter$column_valuetype" ("mxmodelreflection$valuetypeid" ASC,"excelimporter$columnid" ASC);
INSERT INTO "mendixsystem$association" ("id", 
"association_name", 
"table_name", 
"parent_entity_id", 
"child_entity_id", 
"parent_column_name", 
"child_column_name", 
"index_name")
 VALUES ('0f361457-c765-4fc9-8adb-b2b41ec47d8e', 
'ExcelImporter.Column_ValueType', 
'excelimporter$column_valuetype', 
'e955893e-a8e1-4e29-9302-d412d242a896', 
'0f209ee7-1074-4542-8414-5efb2d399f68', 
'excelimporter$columnid', 
'mxmodelreflection$valuetypeid', 
'idx_excelimporter$column_valuetype_mxmodelreflection$valuetype_excelimporter$column');
INSERT INTO "mendixsystem$unique_constraint" ("name", 
"table_id", 
"column_id")
 VALUES ('uniq_excelimporter$column_valuetype_excelimporter$columnid', 
'0f361457-c765-4fc9-8adb-b2b41ec47d8e', 
'44e9923d-5abd-320a-9c1a-8193b1c09775');
CREATE TABLE "excelimporter$column_mxobjecttype_reference" (
	"excelimporter$columnid" BIGINT NOT NULL,
	"mxmodelreflection$mxobjecttypeid" BIGINT NOT NULL,
	PRIMARY KEY("excelimporter$columnid","mxmodelreflection$mxobjecttypeid"),
	CONSTRAINT "uniq_excelimporter$column_mxobjecttype_reference_excelimporter$columnid" UNIQUE ("excelimporter$columnid"));
CREATE INDEX "idx_excelimporter$column_mxobjecttype_reference_mxmodelreflection$mxobjecttype_excelimporter$column" ON "excelimporter$column_mxobjecttype_reference" ("mxmodelreflection$mxobjecttypeid" ASC,"excelimporter$columnid" ASC);
INSERT INTO "mendixsystem$association" ("id", 
"association_name", 
"table_name", 
"parent_entity_id", 
"child_entity_id", 
"parent_column_name", 
"child_column_name", 
"index_name")
 VALUES ('e537ce02-c849-4f1c-8474-c81b4c8c36cb', 
'ExcelImporter.Column_MxObjectType_Reference', 
'excelimporter$column_mxobjecttype_reference', 
'e955893e-a8e1-4e29-9302-d412d242a896', 
'a2e02af3-924f-4960-8ea0-3931d519e13c', 
'excelimporter$columnid', 
'mxmodelreflection$mxobjecttypeid', 
'idx_excelimporter$column_mxobjecttype_reference_mxmodelreflection$mxobjecttype_excelimporter$column');
INSERT INTO "mendixsystem$unique_constraint" ("name", 
"table_id", 
"column_id")
 VALUES ('uniq_excelimporter$column_mxobjecttype_reference_excelimporter$columnid', 
'e537ce02-c849-4f1c-8474-c81b4c8c36cb', 
'40ee47e5-e26c-3004-ac7b-33cd67743407');
CREATE TABLE "excelimporter$column_mxobjecttype" (
	"excelimporter$columnid" BIGINT NOT NULL,
	"mxmodelreflection$mxobjecttypeid" BIGINT NOT NULL,
	PRIMARY KEY("excelimporter$columnid","mxmodelreflection$mxobjecttypeid"),
	CONSTRAINT "uniq_excelimporter$column_mxobjecttype_excelimporter$columnid" UNIQUE ("excelimporter$columnid"));
CREATE INDEX "idx_excelimporter$column_mxobjecttype_mxmodelreflection$mxobjecttype_excelimporter$column" ON "excelimporter$column_mxobjecttype" ("mxmodelreflection$mxobjecttypeid" ASC,"excelimporter$columnid" ASC);
INSERT INTO "mendixsystem$association" ("id", 
"association_name", 
"table_name", 
"parent_entity_id", 
"child_entity_id", 
"parent_column_name", 
"child_column_name", 
"index_name")
 VALUES ('36527414-4795-40b3-8fa7-356477c338d1', 
'ExcelImporter.Column_MxObjectType', 
'excelimporter$column_mxobjecttype', 
'e955893e-a8e1-4e29-9302-d412d242a896', 
'a2e02af3-924f-4960-8ea0-3931d519e13c', 
'excelimporter$columnid', 
'mxmodelreflection$mxobjecttypeid', 
'idx_excelimporter$column_mxobjecttype_mxmodelreflection$mxobjecttype_excelimporter$column');
INSERT INTO "mendixsystem$unique_constraint" ("name", 
"table_id", 
"column_id")
 VALUES ('uniq_excelimporter$column_mxobjecttype_excelimporter$columnid', 
'36527414-4795-40b3-8fa7-356477c338d1', 
'7da2300f-da6e-33f4-b147-0d34dee76fb8');
CREATE TABLE "excelimporter$column_mxobjectmember_reference" (
	"excelimporter$columnid" BIGINT NOT NULL,
	"mxmodelreflection$mxobjectmemberid" BIGINT NOT NULL,
	PRIMARY KEY("excelimporter$columnid","mxmodelreflection$mxobjectmemberid"),
	CONSTRAINT "uniq_excelimporter$column_mxobjectmember_reference_excelimporter$columnid" UNIQUE ("excelimporter$columnid"));
CREATE INDEX "idx_excelimporter$column_mxobjectmember_reference_mxmodelreflection$mxobjectmember_excelimporter$column" ON "excelimporter$column_mxobjectmember_reference" ("mxmodelreflection$mxobjectmemberid" ASC,"excelimporter$columnid" ASC);
INSERT INTO "mendixsystem$association" ("id", 
"association_name", 
"table_name", 
"parent_entity_id", 
"child_entity_id", 
"parent_column_name", 
"child_column_name", 
"index_name")
 VALUES ('bb7094ec-868e-4de4-8377-1c714146aee8', 
'ExcelImporter.Column_MxObjectMember_Reference', 
'excelimporter$column_mxobjectmember_reference', 
'e955893e-a8e1-4e29-9302-d412d242a896', 
'6b8819a5-d89c-416d-afd0-b41d6ed7082a', 
'excelimporter$columnid', 
'mxmodelreflection$mxobjectmemberid', 
'idx_excelimporter$column_mxobjectmember_reference_mxmodelreflection$mxobjectmember_excelimporter$column');
INSERT INTO "mendixsystem$unique_constraint" ("name", 
"table_id", 
"column_id")
 VALUES ('uniq_excelimporter$column_mxobjectmember_reference_excelimporter$columnid', 
'bb7094ec-868e-4de4-8377-1c714146aee8', 
'a2f3ce64-3aec-32b7-91cb-96a1a2885b05');
CREATE TABLE "excelimporter$column_mxobjectmember" (
	"excelimporter$columnid" BIGINT NOT NULL,
	"mxmodelreflection$mxobjectmemberid" BIGINT NOT NULL,
	PRIMARY KEY("excelimporter$columnid","mxmodelreflection$mxobjectmemberid"),
	CONSTRAINT "uniq_excelimporter$column_mxobjectmember_excelimporter$columnid" UNIQUE ("excelimporter$columnid"));
CREATE INDEX "idx_excelimporter$column_mxobjectmember_mxmodelreflection$mxobjectmember_excelimporter$column" ON "excelimporter$column_mxobjectmember" ("mxmodelreflection$mxobjectmemberid" ASC,"excelimporter$columnid" ASC);
INSERT INTO "mendixsystem$association" ("id", 
"association_name", 
"table_name", 
"parent_entity_id", 
"child_entity_id", 
"parent_column_name", 
"child_column_name", 
"index_name")
 VALUES ('f1440e2c-4da5-49af-ae50-ca6f75742d7e', 
'ExcelImporter.Column_MxObjectMember', 
'excelimporter$column_mxobjectmember', 
'e955893e-a8e1-4e29-9302-d412d242a896', 
'6b8819a5-d89c-416d-afd0-b41d6ed7082a', 
'excelimporter$columnid', 
'mxmodelreflection$mxobjectmemberid', 
'idx_excelimporter$column_mxobjectmember_mxmodelreflection$mxobjectmember_excelimporter$column');
INSERT INTO "mendixsystem$unique_constraint" ("name", 
"table_id", 
"column_id")
 VALUES ('uniq_excelimporter$column_mxobjectmember_excelimporter$columnid', 
'f1440e2c-4da5-49af-ae50-ca6f75742d7e', 
'9486a58f-26a0-32f8-92d8-e1704092919d');
CREATE TABLE "excelimporter$column_mxobjectreference" (
	"excelimporter$columnid" BIGINT NOT NULL,
	"mxmodelreflection$mxobjectreferenceid" BIGINT NOT NULL,
	PRIMARY KEY("excelimporter$columnid","mxmodelreflection$mxobjectreferenceid"),
	CONSTRAINT "uniq_excelimporter$column_mxobjectreference_excelimporter$columnid" UNIQUE ("excelimporter$columnid"));
CREATE INDEX "idx_excelimporter$column_mxobjectreference_mxmodelreflection$mxobjectreference_excelimporter$column" ON "excelimporter$column_mxobjectreference" ("mxmodelreflection$mxobjectreferenceid" ASC,"excelimporter$columnid" ASC);
INSERT INTO "mendixsystem$association" ("id", 
"association_name", 
"table_name", 
"parent_entity_id", 
"child_entity_id", 
"parent_column_name", 
"child_column_name", 
"index_name")
 VALUES ('72c0d7ab-916a-41ca-83f2-d7d566d69b13', 
'ExcelImporter.Column_MxObjectReference', 
'excelimporter$column_mxobjectreference', 
'e955893e-a8e1-4e29-9302-d412d242a896', 
'1924ec90-c76d-4d34-828f-ee4cf24dc1ca', 
'excelimporter$columnid', 
'mxmodelreflection$mxobjectreferenceid', 
'idx_excelimporter$column_mxobjectreference_mxmodelreflection$mxobjectreference_excelimporter$column');
INSERT INTO "mendixsystem$unique_constraint" ("name", 
"table_id", 
"column_id")
 VALUES ('uniq_excelimporter$column_mxobjectreference_excelimporter$columnid', 
'72c0d7ab-916a-41ca-83f2-d7d566d69b13', 
'02503619-c29f-3f73-ab55-c53540c7c868');
CREATE TABLE "mxmodelreflection$valuetype" (
	"id" BIGINT NOT NULL,
	"name" VARCHAR_IGNORECASE(200) NULL,
	"typeenum" VARCHAR_IGNORECASE(11) NULL,
	"createddate" TIMESTAMP NULL,
	"changeddate" TIMESTAMP NULL,
	"system$changedby" BIGINT NULL,
	"system$owner" BIGINT NULL,
	PRIMARY KEY("id"));
CREATE INDEX "idx_mxmodelreflection$valuetype_system$changedby" ON "mxmodelreflection$valuetype" ("system$changedby" ASC,"id" ASC);
CREATE INDEX "idx_mxmodelreflection$valuetype_system$owner" ON "mxmodelreflection$valuetype" ("system$owner" ASC,"id" ASC);
INSERT INTO "mendixsystem$entity" ("id", 
"entity_name", 
"table_name", 
"remote", 
"remote_primary_key")
 VALUES ('0f209ee7-1074-4542-8414-5efb2d399f68', 
'MxModelReflection.ValueType', 
'mxmodelreflection$valuetype', 
false, 
false);
INSERT INTO "mendixsystem$attribute" ("id", 
"entity_id", 
"attribute_name", 
"column_name", 
"type", 
"length", 
"default_value", 
"is_auto_number")
 VALUES ('d06c49bb-2cf0-47c5-a394-74c787dc5aa1', 
'0f209ee7-1074-4542-8414-5efb2d399f68', 
'Name', 
'name', 
30, 
200, 
'', 
false);
INSERT INTO "mendixsystem$attribute" ("id", 
"entity_id", 
"attribute_name", 
"column_name", 
"type", 
"length", 
"default_value", 
"is_auto_number")
 VALUES ('5c1083fa-a786-4712-9ebf-9db141db1298', 
'0f209ee7-1074-4542-8414-5efb2d399f68', 
'TypeEnum', 
'typeenum', 
40, 
11, 
'', 
false);
INSERT INTO "mendixsystem$attribute" ("id", 
"entity_id", 
"attribute_name", 
"column_name", 
"type", 
"length", 
"default_value", 
"is_auto_number")
 VALUES ('4b9c5d1f-82a1-3285-a824-ae651c4bddc6', 
'0f209ee7-1074-4542-8414-5efb2d399f68', 
'createdDate', 
'createddate', 
20, 
0, 
'', 
false);
INSERT INTO "mendixsystem$attribute" ("id", 
"entity_id", 
"attribute_name", 
"column_name", 
"type", 
"length", 
"default_value", 
"is_auto_number")
 VALUES ('40bcea19-71d8-3068-b23e-af3cdedf2731', 
'0f209ee7-1074-4542-8414-5efb2d399f68', 
'changedDate', 
'changeddate', 
20, 
0, 
'', 
false);
INSERT INTO "mendixsystem$index" ("id", 
"table_id", 
"index_name")
 VALUES ('95e0afa0-6f72-3837-92ae-114a98683a93', 
'0f209ee7-1074-4542-8414-5efb2d399f68', 
'idx_mxmodelreflection$valuetype_system$changedby');
INSERT INTO "mendixsystem$index_column" ("index_id", 
"column_id", 
"sort_order", 
"ordinal")
 VALUES ('95e0afa0-6f72-3837-92ae-114a98683a93', 
'445732c2-a676-32c0-aa3c-f316c3081f42', 
false, 
0);
INSERT INTO "mendixsystem$index" ("id", 
"table_id", 
"index_name")
 VALUES ('7f0524cb-620b-3fbb-a324-8327ffa3a3df', 
'0f209ee7-1074-4542-8414-5efb2d399f68', 
'idx_mxmodelreflection$valuetype_system$owner');
INSERT INTO "mendixsystem$index_column" ("index_id", 
"column_id", 
"sort_order", 
"ordinal")
 VALUES ('7f0524cb-620b-3fbb-a324-8327ffa3a3df', 
'ca2d0f72-56b0-3d50-94a9-1fab01a84d97', 
false, 
0);
INSERT INTO "mendixsystem$association" ("id", 
"association_name", 
"table_name", 
"parent_entity_id", 
"child_entity_id", 
"parent_column_name", 
"child_column_name")
 VALUES ('445732c2-a676-32c0-aa3c-f316c3081f42', 
'System.changedBy', 
'system$changedby', 
'0f209ee7-1074-4542-8414-5efb2d399f68', 
'282e2e60-88a5-469d-84a5-ba8d9151644f', 
'id', 
'system$changedby');
INSERT INTO "mendixsystem$association" ("id", 
"association_name", 
"table_name", 
"parent_entity_id", 
"child_entity_id", 
"parent_column_name", 
"child_column_name")
 VALUES ('ca2d0f72-56b0-3d50-94a9-1fab01a84d97', 
'System.owner', 
'system$owner', 
'0f209ee7-1074-4542-8414-5efb2d399f68', 
'282e2e60-88a5-469d-84a5-ba8d9151644f', 
'id', 
'system$owner');
CREATE TABLE "mxmodelreflection$valuetype_mxobjecttype" (
	"mxmodelreflection$valuetypeid" BIGINT NOT NULL,
	"mxmodelreflection$mxobjecttypeid" BIGINT NOT NULL,
	PRIMARY KEY("mxmodelreflection$valuetypeid","mxmodelreflection$mxobjecttypeid"),
	CONSTRAINT "uniq_mxmodelreflection$valuetype_mxobjecttype_mxmodelreflection$valuetypeid" UNIQUE ("mxmodelreflection$valuetypeid"));
CREATE INDEX "idx_mxmodelreflection$valuetype_mxobjecttype_mxmodelreflection$mxobjecttype_mxmodelreflection$valuetype" ON "mxmodelreflection$valuetype_mxobjecttype" ("mxmodelreflection$mxobjecttypeid" ASC,"mxmodelreflection$valuetypeid" ASC);
INSERT INTO "mendixsystem$association" ("id", 
"association_name", 
"table_name", 
"parent_entity_id", 
"child_entity_id", 
"parent_column_name", 
"child_column_name", 
"index_name")
 VALUES ('244711ba-2aeb-4e02-b4b5-1cb1dbd6f62f', 
'MxModelReflection.ValueType_MxObjectType', 
'mxmodelreflection$valuetype_mxobjecttype', 
'0f209ee7-1074-4542-8414-5efb2d399f68', 
'a2e02af3-924f-4960-8ea0-3931d519e13c', 
'mxmodelreflection$valuetypeid', 
'mxmodelreflection$mxobjecttypeid', 
'idx_mxmodelreflection$valuetype_mxobjecttype_mxmodelreflection$mxobjecttype_mxmodelreflection$valuetype');
INSERT INTO "mendixsystem$unique_constraint" ("name", 
"table_id", 
"column_id")
 VALUES ('uniq_mxmodelreflection$valuetype_mxobjecttype_mxmodelreflection$valuetypeid', 
'244711ba-2aeb-4e02-b4b5-1cb1dbd6f62f', 
'8124d33a-5e28-3783-8599-44f55f2b85ef');
CREATE TABLE "excelimporter$log" (
	"id" BIGINT NOT NULL,
	"logline" VARCHAR_IGNORECASE(2147483647) NULL,
	"createddate" TIMESTAMP NULL,
	"changeddate" TIMESTAMP NULL,
	"system$owner" BIGINT NULL,
	"system$changedby" BIGINT NULL,
	PRIMARY KEY("id"));
CREATE INDEX "idx_excelimporter$log_system$owner" ON "excelimporter$log" ("system$owner" ASC,"id" ASC);
CREATE INDEX "idx_excelimporter$log_system$changedby" ON "excelimporter$log" ("system$changedby" ASC,"id" ASC);
INSERT INTO "mendixsystem$entity" ("id", 
"entity_name", 
"table_name", 
"remote", 
"remote_primary_key")
 VALUES ('080f16ff-026f-4b0e-b3ed-16be3368878f', 
'ExcelImporter.Log', 
'excelimporter$log', 
false, 
false);
INSERT INTO "mendixsystem$attribute" ("id", 
"entity_id", 
"attribute_name", 
"column_name", 
"type", 
"length", 
"default_value", 
"is_auto_number")
 VALUES ('80159f3a-7d38-4591-a822-c0d4c851a03e', 
'080f16ff-026f-4b0e-b3ed-16be3368878f', 
'Logline', 
'logline', 
30, 
0, 
'', 
false);
INSERT INTO "mendixsystem$attribute" ("id", 
"entity_id", 
"attribute_name", 
"column_name", 
"type", 
"length", 
"default_value", 
"is_auto_number")
 VALUES ('77971d4e-aa5d-3774-bb1d-41595f54d996', 
'080f16ff-026f-4b0e-b3ed-16be3368878f', 
'createdDate', 
'createddate', 
20, 
0, 
'', 
false);
INSERT INTO "mendixsystem$attribute" ("id", 
"entity_id", 
"attribute_name", 
"column_name", 
"type", 
"length", 
"default_value", 
"is_auto_number")
 VALUES ('59c2c084-b923-3a88-96f7-f35c862df963', 
'080f16ff-026f-4b0e-b3ed-16be3368878f', 
'changedDate', 
'changeddate', 
20, 
0, 
'', 
false);
INSERT INTO "mendixsystem$index" ("id", 
"table_id", 
"index_name")
 VALUES ('ed1b8816-d9fd-383b-b400-45f851549e7f', 
'080f16ff-026f-4b0e-b3ed-16be3368878f', 
'idx_excelimporter$log_system$owner');
INSERT INTO "mendixsystem$index_column" ("index_id", 
"column_id", 
"sort_order", 
"ordinal")
 VALUES ('ed1b8816-d9fd-383b-b400-45f851549e7f', 
'9fa2d3b8-3a0f-3fc3-aee3-f86fb50d9698', 
false, 
0);
INSERT INTO "mendixsystem$index" ("id", 
"table_id", 
"index_name")
 VALUES ('6b913038-d559-3e19-ae39-7a1f7e5d6cae', 
'080f16ff-026f-4b0e-b3ed-16be3368878f', 
'idx_excelimporter$log_system$changedby');
INSERT INTO "mendixsystem$index_column" ("index_id", 
"column_id", 
"sort_order", 
"ordinal")
 VALUES ('6b913038-d559-3e19-ae39-7a1f7e5d6cae', 
'f894c42f-348f-35b9-a0d2-af87883db725', 
false, 
0);
INSERT INTO "mendixsystem$association" ("id", 
"association_name", 
"table_name", 
"parent_entity_id", 
"child_entity_id", 
"parent_column_name", 
"child_column_name")
 VALUES ('9fa2d3b8-3a0f-3fc3-aee3-f86fb50d9698', 
'System.owner', 
'system$owner', 
'080f16ff-026f-4b0e-b3ed-16be3368878f', 
'282e2e60-88a5-469d-84a5-ba8d9151644f', 
'id', 
'system$owner');
INSERT INTO "mendixsystem$association" ("id", 
"association_name", 
"table_name", 
"parent_entity_id", 
"child_entity_id", 
"parent_column_name", 
"child_column_name")
 VALUES ('f894c42f-348f-35b9-a0d2-af87883db725', 
'System.changedBy', 
'system$changedby', 
'080f16ff-026f-4b0e-b3ed-16be3368878f', 
'282e2e60-88a5-469d-84a5-ba8d9151644f', 
'id', 
'system$changedby');
CREATE TABLE "excelimporter$log_xmldocumenttemplate" (
	"excelimporter$logid" BIGINT NOT NULL,
	"excelimporter$xmldocumenttemplateid" BIGINT NOT NULL,
	PRIMARY KEY("excelimporter$logid","excelimporter$xmldocumenttemplateid"),
	CONSTRAINT "uniq_excelimporter$log_xmldocumenttemplate_excelimporter$logid" UNIQUE ("excelimporter$logid"));
CREATE INDEX "idx_excelimporter$log_xmldocumenttemplate_excelimporter$xmldocumenttemplate_excelimporter$log" ON "excelimporter$log_xmldocumenttemplate" ("excelimporter$xmldocumenttemplateid" ASC,"excelimporter$logid" ASC);
INSERT INTO "mendixsystem$association" ("id", 
"association_name", 
"table_name", 
"parent_entity_id", 
"child_entity_id", 
"parent_column_name", 
"child_column_name", 
"index_name")
 VALUES ('d6b37f86-c90e-4b35-b459-d6c3075ccb69', 
'ExcelImporter.Log_XMLDocumentTemplate', 
'excelimporter$log_xmldocumenttemplate', 
'080f16ff-026f-4b0e-b3ed-16be3368878f', 
'aaca8270-5d72-4fab-8671-98b82360638a', 
'excelimporter$logid', 
'excelimporter$xmldocumenttemplateid', 
'idx_excelimporter$log_xmldocumenttemplate_excelimporter$xmldocumenttemplate_excelimporter$log');
INSERT INTO "mendixsystem$unique_constraint" ("name", 
"table_id", 
"column_id")
 VALUES ('uniq_excelimporter$log_xmldocumenttemplate_excelimporter$logid', 
'd6b37f86-c90e-4b35-b459-d6c3075ccb69', 
'8ed21df4-58a3-3b2e-abaf-8dcee9f91cf2');
CREATE TABLE "mxmodelreflection$microflows" (
	"id" BIGINT NOT NULL,
	"name" VARCHAR_IGNORECASE(200) NULL,
	"module" VARCHAR_IGNORECASE(200) NULL,
	"completename" VARCHAR_IGNORECASE(200) NULL,
	"createddate" TIMESTAMP NULL,
	"changeddate" TIMESTAMP NULL,
	"system$changedby" BIGINT NULL,
	"system$owner" BIGINT NULL,
	PRIMARY KEY("id"));
CREATE INDEX "idx_mxmodelreflection$microflows_system$changedby" ON "mxmodelreflection$microflows" ("system$changedby" ASC,"id" ASC);
CREATE INDEX "idx_mxmodelreflection$microflows_system$owner" ON "mxmodelreflection$microflows" ("system$owner" ASC,"id" ASC);
INSERT INTO "mendixsystem$entity" ("id", 
"entity_name", 
"table_name", 
"remote", 
"remote_primary_key")
 VALUES ('607e87be-a1ee-46ab-9f25-3c2ef3109b56', 
'MxModelReflection.Microflows', 
'mxmodelreflection$microflows', 
false, 
false);
INSERT INTO "mendixsystem$attribute" ("id", 
"entity_id", 
"attribute_name", 
"column_name", 
"type", 
"length", 
"default_value", 
"is_auto_number")
 VALUES ('70925797-b09a-40b4-84c2-619ac6d2850e', 
'607e87be-a1ee-46ab-9f25-3c2ef3109b56', 
'Name', 
'name', 
30, 
200, 
'', 
false);
INSERT INTO "mendixsystem$attribute" ("id", 
"entity_id", 
"attribute_name", 
"column_name", 
"type", 
"length", 
"default_value", 
"is_auto_number")
 VALUES ('0d3048f4-698f-401b-9d4b-3cb3f90a359c', 
'607e87be-a1ee-46ab-9f25-3c2ef3109b56', 
'Module', 
'module', 
30, 
200, 
'', 
false);
INSERT INTO "mendixsystem$attribute" ("id", 
"entity_id", 
"attribute_name", 
"column_name", 
"type", 
"length", 
"default_value", 
"is_auto_number")
 VALUES ('630ce867-68e3-40b7-b931-f09c7a7f4538', 
'607e87be-a1ee-46ab-9f25-3c2ef3109b56', 
'CompleteName', 
'completename', 
30, 
200, 
'', 
false);
INSERT INTO "mendixsystem$attribute" ("id", 
"entity_id", 
"attribute_name", 
"column_name", 
"type", 
"length", 
"default_value", 
"is_auto_number")
 VALUES ('2555dd83-e082-3f6f-803c-1ca8a8190889', 
'607e87be-a1ee-46ab-9f25-3c2ef3109b56', 
'createdDate', 
'createddate', 
20, 
0, 
'', 
false);
INSERT INTO "mendixsystem$attribute" ("id", 
"entity_id", 
"attribute_name", 
"column_name", 
"type", 
"length", 
"default_value", 
"is_auto_number")
 VALUES ('8499a0f2-0352-3c08-afaf-b4ac242abc3b', 
'607e87be-a1ee-46ab-9f25-3c2ef3109b56', 
'changedDate', 
'changeddate', 
20, 
0, 
'', 
false);
INSERT INTO "mendixsystem$index" ("id", 
"table_id", 
"index_name")
 VALUES ('b42a15be-f5ec-3aa8-adeb-51076477d1a1', 
'607e87be-a1ee-46ab-9f25-3c2ef3109b56', 
'idx_mxmodelreflection$microflows_system$changedby');
INSERT INTO "mendixsystem$index_column" ("index_id", 
"column_id", 
"sort_order", 
"ordinal")
 VALUES ('b42a15be-f5ec-3aa8-adeb-51076477d1a1', 
'783afb95-1991-3a8d-978f-af3fff753364', 
false, 
0);
INSERT INTO "mendixsystem$index" ("id", 
"table_id", 
"index_name")
 VALUES ('d0c4c35c-15db-3c91-8521-0781067f2c8c', 
'607e87be-a1ee-46ab-9f25-3c2ef3109b56', 
'idx_mxmodelreflection$microflows_system$owner');
INSERT INTO "mendixsystem$index_column" ("index_id", 
"column_id", 
"sort_order", 
"ordinal")
 VALUES ('d0c4c35c-15db-3c91-8521-0781067f2c8c', 
'f5815ece-09b6-3681-8963-cd11a0b5d50a', 
false, 
0);
INSERT INTO "mendixsystem$association" ("id", 
"association_name", 
"table_name", 
"parent_entity_id", 
"child_entity_id", 
"parent_column_name", 
"child_column_name")
 VALUES ('783afb95-1991-3a8d-978f-af3fff753364', 
'System.changedBy', 
'system$changedby', 
'607e87be-a1ee-46ab-9f25-3c2ef3109b56', 
'282e2e60-88a5-469d-84a5-ba8d9151644f', 
'id', 
'system$changedby');
INSERT INTO "mendixsystem$association" ("id", 
"association_name", 
"table_name", 
"parent_entity_id", 
"child_entity_id", 
"parent_column_name", 
"child_column_name")
 VALUES ('f5815ece-09b6-3681-8963-cd11a0b5d50a', 
'System.owner', 
'system$owner', 
'607e87be-a1ee-46ab-9f25-3c2ef3109b56', 
'282e2e60-88a5-469d-84a5-ba8d9151644f', 
'id', 
'system$owner');
CREATE TABLE "mxmodelreflection$microflows_module" (
	"mxmodelreflection$microflowsid" BIGINT NOT NULL,
	"mxmodelreflection$moduleid" BIGINT NOT NULL,
	PRIMARY KEY("mxmodelreflection$microflowsid","mxmodelreflection$moduleid"),
	CONSTRAINT "uniq_mxmodelreflection$microflows_module_mxmodelreflection$microflowsid" UNIQUE ("mxmodelreflection$microflowsid"));
CREATE INDEX "idx_mxmodelreflection$microflows_module_mxmodelreflection$module_mxmodelreflection$microflows" ON "mxmodelreflection$microflows_module" ("mxmodelreflection$moduleid" ASC,"mxmodelreflection$microflowsid" ASC);
INSERT INTO "mendixsystem$association" ("id", 
"association_name", 
"table_name", 
"parent_entity_id", 
"child_entity_id", 
"parent_column_name", 
"child_column_name", 
"index_name")
 VALUES ('a0e5938b-ae19-4d95-9cd9-1109a918b912', 
'MxModelReflection.Microflows_Module', 
'mxmodelreflection$microflows_module', 
'607e87be-a1ee-46ab-9f25-3c2ef3109b56', 
'ce751dfd-ca45-4842-bf30-f24ec84abf16', 
'mxmodelreflection$microflowsid', 
'mxmodelreflection$moduleid', 
'idx_mxmodelreflection$microflows_module_mxmodelreflection$module_mxmodelreflection$microflows');
INSERT INTO "mendixsystem$unique_constraint" ("name", 
"table_id", 
"column_id")
 VALUES ('uniq_mxmodelreflection$microflows_module_mxmodelreflection$microflowsid', 
'a0e5938b-ae19-4d95-9cd9-1109a918b912', 
'750e62bb-7616-3608-b45b-7165de55720a');
CREATE TABLE "mxmodelreflection$microflows_inputparameter" (
	"mxmodelreflection$microflowsid" BIGINT NOT NULL,
	"mxmodelreflection$parameterid" BIGINT NOT NULL,
	PRIMARY KEY("mxmodelreflection$microflowsid","mxmodelreflection$parameterid"));
CREATE INDEX "idx_mxmodelreflection$microflows_inputparameter_mxmodelreflection$parameter_mxmodelreflection$microflows" ON "mxmodelreflection$microflows_inputparameter" ("mxmodelreflection$parameterid" ASC,"mxmodelreflection$microflowsid" ASC);
INSERT INTO "mendixsystem$association" ("id", 
"association_name", 
"table_name", 
"parent_entity_id", 
"child_entity_id", 
"parent_column_name", 
"child_column_name", 
"index_name")
 VALUES ('fd5b4c6e-39b4-41e6-b106-7818fcf212f0', 
'MxModelReflection.Microflows_InputParameter', 
'mxmodelreflection$microflows_inputparameter', 
'607e87be-a1ee-46ab-9f25-3c2ef3109b56', 
'09d44f89-4ea4-43f8-a736-d73885b6c384', 
'mxmodelreflection$microflowsid', 
'mxmodelreflection$parameterid', 
'idx_mxmodelreflection$microflows_inputparameter_mxmodelreflection$parameter_mxmodelreflection$microflows');
CREATE TABLE "mxmodelreflection$microflows_output_type" (
	"mxmodelreflection$microflowsid" BIGINT NOT NULL,
	"mxmodelreflection$valuetypeid" BIGINT NOT NULL,
	PRIMARY KEY("mxmodelreflection$microflowsid","mxmodelreflection$valuetypeid"),
	CONSTRAINT "uniq_mxmodelreflection$microflows_output_type_mxmodelreflection$microflowsid" UNIQUE ("mxmodelreflection$microflowsid"));
CREATE INDEX "idx_mxmodelreflection$microflows_output_type_mxmodelreflection$valuetype_mxmodelreflection$microflows" ON "mxmodelreflection$microflows_output_type" ("mxmodelreflection$valuetypeid" ASC,"mxmodelreflection$microflowsid" ASC);
INSERT INTO "mendixsystem$association" ("id", 
"association_name", 
"table_name", 
"parent_entity_id", 
"child_entity_id", 
"parent_column_name", 
"child_column_name", 
"index_name")
 VALUES ('9c01718b-c417-42d8-a713-625f3cd15945', 
'MxModelReflection.Microflows_Output_Type', 
'mxmodelreflection$microflows_output_type', 
'607e87be-a1ee-46ab-9f25-3c2ef3109b56', 
'0f209ee7-1074-4542-8414-5efb2d399f68', 
'mxmodelreflection$microflowsid', 
'mxmodelreflection$valuetypeid', 
'idx_mxmodelreflection$microflows_output_type_mxmodelreflection$valuetype_mxmodelreflection$microflows');
INSERT INTO "mendixsystem$unique_constraint" ("name", 
"table_id", 
"column_id")
 VALUES ('uniq_mxmodelreflection$microflows_output_type_mxmodelreflection$microflowsid', 
'9c01718b-c417-42d8-a713-625f3cd15945', 
'cb990212-269b-38be-add6-40a3e2b6d530');
CREATE TABLE "mxmodelreflection$mxobjectenum" (
	"id" BIGINT NOT NULL,
	PRIMARY KEY("id"));
INSERT INTO "mendixsystem$entity" ("id", 
"entity_name", 
"table_name", 
"superentity_id", 
"remote", 
"remote_primary_key")
 VALUES ('6335794d-db16-4ea7-a8f3-061346865a13', 
'MxModelReflection.MxObjectEnum', 
'mxmodelreflection$mxobjectenum', 
'6b8819a5-d89c-416d-afd0-b41d6ed7082a', 
false, 
false);
CREATE TABLE "mxmodelreflection$values" (
	"mxmodelreflection$mxobjectenumid" BIGINT NOT NULL,
	"mxmodelreflection$mxobjectenumvalueid" BIGINT NOT NULL,
	PRIMARY KEY("mxmodelreflection$mxobjectenumid","mxmodelreflection$mxobjectenumvalueid"));
CREATE INDEX "idx_mxmodelreflection$values_mxmodelreflection$mxobjectenumvalue_mxmodelreflection$mxobjectenum" ON "mxmodelreflection$values" ("mxmodelreflection$mxobjectenumvalueid" ASC,"mxmodelreflection$mxobjectenumid" ASC);
INSERT INTO "mendixsystem$association" ("id", 
"association_name", 
"table_name", 
"parent_entity_id", 
"child_entity_id", 
"parent_column_name", 
"child_column_name", 
"index_name")
 VALUES ('fe152d4e-0bda-4084-942d-06f80157fac4', 
'MxModelReflection.Values', 
'mxmodelreflection$values', 
'6335794d-db16-4ea7-a8f3-061346865a13', 
'9de38f57-df98-4316-8d40-8c415f66394a', 
'mxmodelreflection$mxobjectenumid', 
'mxmodelreflection$mxobjectenumvalueid', 
'idx_mxmodelreflection$values_mxmodelreflection$mxobjectenumvalue_mxmodelreflection$mxobjectenum');
CREATE TABLE "mxmodelreflection$mxobjectenumvalue" (
	"id" BIGINT NOT NULL,
	"name" VARCHAR_IGNORECASE(200) NULL,
	"createddate" TIMESTAMP NULL,
	"changeddate" TIMESTAMP NULL,
	"system$owner" BIGINT NULL,
	"system$changedby" BIGINT NULL,
	PRIMARY KEY("id"));
CREATE INDEX "idx_mxmodelreflection$mxobjectenumvalue_system$owner" ON "mxmodelreflection$mxobjectenumvalue" ("system$owner" ASC,"id" ASC);
CREATE INDEX "idx_mxmodelreflection$mxobjectenumvalue_system$changedby" ON "mxmodelreflection$mxobjectenumvalue" ("system$changedby" ASC,"id" ASC);
INSERT INTO "mendixsystem$entity" ("id", 
"entity_name", 
"table_name", 
"remote", 
"remote_primary_key")
 VALUES ('9de38f57-df98-4316-8d40-8c415f66394a', 
'MxModelReflection.MxObjectEnumValue', 
'mxmodelreflection$mxobjectenumvalue', 
false, 
false);
INSERT INTO "mendixsystem$attribute" ("id", 
"entity_id", 
"attribute_name", 
"column_name", 
"type", 
"length", 
"default_value", 
"is_auto_number")
 VALUES ('5d895bac-c51e-4cc8-9b89-6644f82d976d', 
'9de38f57-df98-4316-8d40-8c415f66394a', 
'Name', 
'name', 
30, 
200, 
'', 
false);
INSERT INTO "mendixsystem$attribute" ("id", 
"entity_id", 
"attribute_name", 
"column_name", 
"type", 
"length", 
"default_value", 
"is_auto_number")
 VALUES ('5677372c-b1d5-333c-8b58-7bc515329fec', 
'9de38f57-df98-4316-8d40-8c415f66394a', 
'createdDate', 
'createddate', 
20, 
0, 
'', 
false);
INSERT INTO "mendixsystem$attribute" ("id", 
"entity_id", 
"attribute_name", 
"column_name", 
"type", 
"length", 
"default_value", 
"is_auto_number")
 VALUES ('2c386a64-c034-34ff-ba68-e1d97058a931', 
'9de38f57-df98-4316-8d40-8c415f66394a', 
'changedDate', 
'changeddate', 
20, 
0, 
'', 
false);
INSERT INTO "mendixsystem$index" ("id", 
"table_id", 
"index_name")
 VALUES ('5a7e2d5a-2693-32f1-aec2-84dbeded52eb', 
'9de38f57-df98-4316-8d40-8c415f66394a', 
'idx_mxmodelreflection$mxobjectenumvalue_system$owner');
INSERT INTO "mendixsystem$index_column" ("index_id", 
"column_id", 
"sort_order", 
"ordinal")
 VALUES ('5a7e2d5a-2693-32f1-aec2-84dbeded52eb', 
'31214b5b-7595-3038-9b52-d90134770d75', 
false, 
0);
INSERT INTO "mendixsystem$index" ("id", 
"table_id", 
"index_name")
 VALUES ('9572e98e-9f6e-3b42-9c96-8eb5056701cc', 
'9de38f57-df98-4316-8d40-8c415f66394a', 
'idx_mxmodelreflection$mxobjectenumvalue_system$changedby');
INSERT INTO "mendixsystem$index_column" ("index_id", 
"column_id", 
"sort_order", 
"ordinal")
 VALUES ('9572e98e-9f6e-3b42-9c96-8eb5056701cc', 
'4595c0c5-0e61-30c3-b845-07db65b57558', 
false, 
0);
INSERT INTO "mendixsystem$association" ("id", 
"association_name", 
"table_name", 
"parent_entity_id", 
"child_entity_id", 
"parent_column_name", 
"child_column_name")
 VALUES ('31214b5b-7595-3038-9b52-d90134770d75', 
'System.owner', 
'system$owner', 
'9de38f57-df98-4316-8d40-8c415f66394a', 
'282e2e60-88a5-469d-84a5-ba8d9151644f', 
'id', 
'system$owner');
INSERT INTO "mendixsystem$association" ("id", 
"association_name", 
"table_name", 
"parent_entity_id", 
"child_entity_id", 
"parent_column_name", 
"child_column_name")
 VALUES ('4595c0c5-0e61-30c3-b845-07db65b57558', 
'System.changedBy', 
'system$changedby', 
'9de38f57-df98-4316-8d40-8c415f66394a', 
'282e2e60-88a5-469d-84a5-ba8d9151644f', 
'id', 
'system$changedby');
CREATE TABLE "mxmodelreflection$captions" (
	"mxmodelreflection$mxobjectenumvalueid" BIGINT NOT NULL,
	"mxmodelreflection$mxobjectenumcaptionsid" BIGINT NOT NULL,
	PRIMARY KEY("mxmodelreflection$mxobjectenumvalueid","mxmodelreflection$mxobjectenumcaptionsid"));
CREATE INDEX "idx_mxmodelreflection$captions_mxmodelreflection$mxobjectenumcaptions_mxmodelreflection$mxobjectenumvalue" ON "mxmodelreflection$captions" ("mxmodelreflection$mxobjectenumcaptionsid" ASC,"mxmodelreflection$mxobjectenumvalueid" ASC);
INSERT INTO "mendixsystem$association" ("id", 
"association_name", 
"table_name", 
"parent_entity_id", 
"child_entity_id", 
"parent_column_name", 
"child_column_name", 
"index_name")
 VALUES ('a698305c-335b-49bf-b851-550000c05615', 
'MxModelReflection.Captions', 
'mxmodelreflection$captions', 
'9de38f57-df98-4316-8d40-8c415f66394a', 
'ac672f96-af89-4bc0-a8ad-3aa27103c8a1', 
'mxmodelreflection$mxobjectenumvalueid', 
'mxmodelreflection$mxobjectenumcaptionsid', 
'idx_mxmodelreflection$captions_mxmodelreflection$mxobjectenumcaptions_mxmodelreflection$mxobjectenumvalue');
CREATE TABLE "mxmodelreflection$dbsizeestimate" (
	"id" BIGINT NOT NULL,
	"nrofrecords" INT NULL,
	"calculatedsizeinbytes" BIGINT NULL,
	"calculatedsizeinkilobytes" BIGINT NULL,
	"findobjecttype" VARCHAR_IGNORECASE(200) NULL,
	PRIMARY KEY("id"));
INSERT INTO "mendixsystem$entity" ("id", 
"entity_name", 
"table_name", 
"remote", 
"remote_primary_key")
 VALUES ('5460bf52-950f-4e9f-b41f-bde84919224c', 
'MxModelReflection.DbSizeEstimate', 
'mxmodelreflection$dbsizeestimate', 
false, 
false);
INSERT INTO "mendixsystem$attribute" ("id", 
"entity_id", 
"attribute_name", 
"column_name", 
"type", 
"length", 
"default_value", 
"is_auto_number")
 VALUES ('01235908-6c9a-4e75-bfdc-b4ff98cc51f0', 
'5460bf52-950f-4e9f-b41f-bde84919224c', 
'NrOfRecords', 
'nrofrecords', 
3, 
0, 
'', 
false);
INSERT INTO "mendixsystem$attribute" ("id", 
"entity_id", 
"attribute_name", 
"column_name", 
"type", 
"length", 
"default_value", 
"is_auto_number")
 VALUES ('7f0161a9-ee2f-4fa8-a480-7db3bd0457c3', 
'5460bf52-950f-4e9f-b41f-bde84919224c', 
'CalculatedSizeInBytes', 
'calculatedsizeinbytes', 
4, 
0, 
'0', 
false);
INSERT INTO "mendixsystem$attribute" ("id", 
"entity_id", 
"attribute_name", 
"column_name", 
"type", 
"length", 
"default_value", 
"is_auto_number")
 VALUES ('641a6eac-b083-475b-8932-9824936adcd6', 
'5460bf52-950f-4e9f-b41f-bde84919224c', 
'CalculatedSizeInKiloBytes', 
'calculatedsizeinkilobytes', 
4, 
0, 
'0', 
false);
INSERT INTO "mendixsystem$attribute" ("id", 
"entity_id", 
"attribute_name", 
"column_name", 
"type", 
"length", 
"default_value", 
"is_auto_number")
 VALUES ('1b706c41-5988-4711-b827-a6ccabad0fe0', 
'5460bf52-950f-4e9f-b41f-bde84919224c', 
'FindObjectType', 
'findobjecttype', 
30, 
200, 
'', 
false);
CREATE TABLE "mxmodelreflection$dbsizeestimate_mxobjecttype" (
	"mxmodelreflection$dbsizeestimateid" BIGINT NOT NULL,
	"mxmodelreflection$mxobjecttypeid" BIGINT NOT NULL,
	PRIMARY KEY("mxmodelreflection$dbsizeestimateid","mxmodelreflection$mxobjecttypeid"),
	CONSTRAINT "uniq_mxmodelreflection$dbsizeestimate_mxobjecttype_mxmodelreflection$dbsizeestimateid" UNIQUE ("mxmodelreflection$dbsizeestimateid"));
CREATE INDEX "idx_mxmodelreflection$dbsizeestimate_mxobjecttype_mxmodelreflection$mxobjecttype_mxmodelreflection$dbsizeestimate" ON "mxmodelreflection$dbsizeestimate_mxobjecttype" ("mxmodelreflection$mxobjecttypeid" ASC,"mxmodelreflection$dbsizeestimateid" ASC);
INSERT INTO "mendixsystem$association" ("id", 
"association_name", 
"table_name", 
"parent_entity_id", 
"child_entity_id", 
"parent_column_name", 
"child_column_name", 
"index_name")
 VALUES ('5d74e44c-f972-4bb3-bc7d-5d5f8f216f46', 
'MxModelReflection.DbSizeEstimate_MxObjectType', 
'mxmodelreflection$dbsizeestimate_mxobjecttype', 
'5460bf52-950f-4e9f-b41f-bde84919224c', 
'a2e02af3-924f-4960-8ea0-3931d519e13c', 
'mxmodelreflection$dbsizeestimateid', 
'mxmodelreflection$mxobjecttypeid', 
'idx_mxmodelreflection$dbsizeestimate_mxobjecttype_mxmodelreflection$mxobjecttype_mxmodelreflection$dbsizeestimate');
INSERT INTO "mendixsystem$unique_constraint" ("name", 
"table_id", 
"column_id")
 VALUES ('uniq_mxmodelreflection$dbsizeestimate_mxobjecttype_mxmodelreflection$dbsizeestimateid', 
'5d74e44c-f972-4bb3-bc7d-5d5f8f216f46', 
'18fe4a6e-9f0b-3c6f-8185-ad0cb5bc7a4f');
CREATE TABLE "mxmodelreflection$mxobjectmember" (
	"id" BIGINT NOT NULL,
	"attributename" VARCHAR_IGNORECASE(200) NULL,
	"attributetype" VARCHAR_IGNORECASE(200) NULL,
	"attributetypeenum" VARCHAR_IGNORECASE(11) NULL,
	"completename" VARCHAR_IGNORECASE(400) NULL,
	"descriptivename" VARCHAR_IGNORECASE(200) NULL,
	"fieldlength" INT NULL,
	"isvirtual" BOOLEAN NULL,
	"createddate" TIMESTAMP NULL,
	"changeddate" TIMESTAMP NULL,
	"submetaobjectname" VARCHAR_IGNORECASE(255) NULL,
	"system$changedby" BIGINT NULL,
	"system$owner" BIGINT NULL,
	PRIMARY KEY("id"));
CREATE INDEX "idx_mxmodelreflection$mxobjectmember_submetaobjectname_asc" ON "mxmodelreflection$mxobjectmember" ("submetaobjectname" ASC,"id" ASC);
CREATE INDEX "idx_mxmodelreflection$mxobjectmember_system$changedby" ON "mxmodelreflection$mxobjectmember" ("system$changedby" ASC,"id" ASC);
CREATE INDEX "idx_mxmodelreflection$mxobjectmember_system$owner" ON "mxmodelreflection$mxobjectmember" ("system$owner" ASC,"id" ASC);
INSERT INTO "mendixsystem$entity" ("id", 
"entity_name", 
"table_name", 
"remote", 
"remote_primary_key")
 VALUES ('6b8819a5-d89c-416d-afd0-b41d6ed7082a', 
'MxModelReflection.MxObjectMember', 
'mxmodelreflection$mxobjectmember', 
false, 
false);
INSERT INTO "mendixsystem$attribute" ("id", 
"entity_id", 
"attribute_name", 
"column_name", 
"type", 
"length", 
"default_value", 
"is_auto_number")
 VALUES ('c9e07cc7-4137-40e6-843c-ca615a1406c1', 
'6b8819a5-d89c-416d-afd0-b41d6ed7082a', 
'AttributeName', 
'attributename', 
30, 
200, 
'', 
false);
INSERT INTO "mendixsystem$attribute" ("id", 
"entity_id", 
"attribute_name", 
"column_name", 
"type", 
"length", 
"default_value", 
"is_auto_number")
 VALUES ('a25ddc6b-6a4e-427f-951d-784edcdc2bfe', 
'6b8819a5-d89c-416d-afd0-b41d6ed7082a', 
'AttributeType', 
'attributetype', 
30, 
200, 
'', 
false);
INSERT INTO "mendixsystem$attribute" ("id", 
"entity_id", 
"attribute_name", 
"column_name", 
"type", 
"length", 
"default_value", 
"is_auto_number")
 VALUES ('8e753283-3424-43d1-a7b6-3a1c58f8e61a', 
'6b8819a5-d89c-416d-afd0-b41d6ed7082a', 
'AttributeTypeEnum', 
'attributetypeenum', 
40, 
11, 
'', 
false);
INSERT INTO "mendixsystem$attribute" ("id", 
"entity_id", 
"attribute_name", 
"column_name", 
"type", 
"length", 
"default_value", 
"is_auto_number")
 VALUES ('15e50eb9-fa2b-433f-bd1a-351be28b4a31', 
'6b8819a5-d89c-416d-afd0-b41d6ed7082a', 
'CompleteName', 
'completename', 
30, 
400, 
'', 
false);
INSERT INTO "mendixsystem$attribute" ("id", 
"entity_id", 
"attribute_name", 
"column_name", 
"type", 
"length", 
"default_value", 
"is_auto_number")
 VALUES ('8d25cd8e-a727-40c9-847b-f9097966088c', 
'6b8819a5-d89c-416d-afd0-b41d6ed7082a', 
'DescriptiveName', 
'descriptivename', 
30, 
200, 
'', 
false);
INSERT INTO "mendixsystem$attribute" ("id", 
"entity_id", 
"attribute_name", 
"column_name", 
"type", 
"length", 
"default_value", 
"is_auto_number")
 VALUES ('8494f980-da4e-40cd-918f-59ffbb5938cd', 
'6b8819a5-d89c-416d-afd0-b41d6ed7082a', 
'FieldLength', 
'fieldlength', 
3, 
0, 
'', 
false);
INSERT INTO "mendixsystem$attribute" ("id", 
"entity_id", 
"attribute_name", 
"column_name", 
"type", 
"length", 
"default_value", 
"is_auto_number")
 VALUES ('b169bed3-46c2-434c-9c67-958bc84c7bd7', 
'6b8819a5-d89c-416d-afd0-b41d6ed7082a', 
'IsVirtual', 
'isvirtual', 
10, 
0, 
'false', 
false);
INSERT INTO "mendixsystem$attribute" ("id", 
"entity_id", 
"attribute_name", 
"column_name", 
"type", 
"length", 
"default_value", 
"is_auto_number")
 VALUES ('9d6deaf9-e5e2-31ac-b604-7a15cf98d2fa', 
'6b8819a5-d89c-416d-afd0-b41d6ed7082a', 
'createdDate', 
'createddate', 
20, 
0, 
'', 
false);
INSERT INTO "mendixsystem$attribute" ("id", 
"entity_id", 
"attribute_name", 
"column_name", 
"type", 
"length", 
"default_value", 
"is_auto_number")
 VALUES ('2b1c2826-d8fe-3ee6-b2b8-500025e08ce6', 
'6b8819a5-d89c-416d-afd0-b41d6ed7082a', 
'changedDate', 
'changeddate', 
20, 
0, 
'', 
false);
INSERT INTO "mendixsystem$attribute" ("id", 
"entity_id", 
"attribute_name", 
"column_name", 
"type", 
"length", 
"default_value", 
"is_auto_number")
 VALUES ('9faa511a-c025-3a08-83ee-e2e24200d23f', 
'6b8819a5-d89c-416d-afd0-b41d6ed7082a', 
'submetaobjectname', 
'submetaobjectname', 
30, 
255, 
'MxModelReflection.MxObjectMember', 
false);
INSERT INTO "mendixsystem$index" ("id", 
"table_id", 
"index_name")
 VALUES ('ccb3a899-0201-3eee-974c-e06d4f067e50', 
'6b8819a5-d89c-416d-afd0-b41d6ed7082a', 
'idx_mxmodelreflection$mxobjectmember_submetaobjectname_asc');
INSERT INTO "mendixsystem$index_column" ("index_id", 
"column_id", 
"sort_order", 
"ordinal")
 VALUES ('ccb3a899-0201-3eee-974c-e06d4f067e50', 
'9faa511a-c025-3a08-83ee-e2e24200d23f', 
false, 
0);
INSERT INTO "mendixsystem$index" ("id", 
"table_id", 
"index_name")
 VALUES ('0eb239ee-869d-3f7d-8ead-6fb51366ab3e', 
'6b8819a5-d89c-416d-afd0-b41d6ed7082a', 
'idx_mxmodelreflection$mxobjectmember_system$changedby');
INSERT INTO "mendixsystem$index_column" ("index_id", 
"column_id", 
"sort_order", 
"ordinal")
 VALUES ('0eb239ee-869d-3f7d-8ead-6fb51366ab3e', 
'7e1bece8-57ff-3fb0-9d75-fb76304dda73', 
false, 
0);
INSERT INTO "mendixsystem$index" ("id", 
"table_id", 
"index_name")
 VALUES ('541cab66-a224-369e-8e9f-49cf12985263', 
'6b8819a5-d89c-416d-afd0-b41d6ed7082a', 
'idx_mxmodelreflection$mxobjectmember_system$owner');
INSERT INTO "mendixsystem$index_column" ("index_id", 
"column_id", 
"sort_order", 
"ordinal")
 VALUES ('541cab66-a224-369e-8e9f-49cf12985263', 
'cf1171e7-0024-3dff-91b8-0c5488cbc86f', 
false, 
0);
INSERT INTO "mendixsystem$association" ("id", 
"association_name", 
"table_name", 
"parent_entity_id", 
"child_entity_id", 
"parent_column_name", 
"child_column_name")
 VALUES ('7e1bece8-57ff-3fb0-9d75-fb76304dda73', 
'System.changedBy', 
'system$changedby', 
'6b8819a5-d89c-416d-afd0-b41d6ed7082a', 
'282e2e60-88a5-469d-84a5-ba8d9151644f', 
'id', 
'system$changedby');
INSERT INTO "mendixsystem$association" ("id", 
"association_name", 
"table_name", 
"parent_entity_id", 
"child_entity_id", 
"parent_column_name", 
"child_column_name")
 VALUES ('cf1171e7-0024-3dff-91b8-0c5488cbc86f', 
'System.owner', 
'system$owner', 
'6b8819a5-d89c-416d-afd0-b41d6ed7082a', 
'282e2e60-88a5-469d-84a5-ba8d9151644f', 
'id', 
'system$owner');
CREATE TABLE "mxmodelreflection$mxobjectmember_type" (
	"mxmodelreflection$mxobjectmemberid" BIGINT NOT NULL,
	"mxmodelreflection$valuetypeid" BIGINT NOT NULL,
	PRIMARY KEY("mxmodelreflection$mxobjectmemberid","mxmodelreflection$valuetypeid"),
	CONSTRAINT "uniq_mxmodelreflection$mxobjectmember_type_mxmodelreflection$mxobjectmemberid" UNIQUE ("mxmodelreflection$mxobjectmemberid"));
CREATE INDEX "idx_mxmodelreflection$mxobjectmember_type_mxmodelreflection$valuetype_mxmodelreflection$mxobjectmember" ON "mxmodelreflection$mxobjectmember_type" ("mxmodelreflection$valuetypeid" ASC,"mxmodelreflection$mxobjectmemberid" ASC);
INSERT INTO "mendixsystem$association" ("id", 
"association_name", 
"table_name", 
"parent_entity_id", 
"child_entity_id", 
"parent_column_name", 
"child_column_name", 
"index_name")
 VALUES ('0c4eb9cc-9cfc-4eca-a33a-63789b63d39b', 
'MxModelReflection.MxObjectMember_Type', 
'mxmodelreflection$mxobjectmember_type', 
'6b8819a5-d89c-416d-afd0-b41d6ed7082a', 
'0f209ee7-1074-4542-8414-5efb2d399f68', 
'mxmodelreflection$mxobjectmemberid', 
'mxmodelreflection$valuetypeid', 
'idx_mxmodelreflection$mxobjectmember_type_mxmodelreflection$valuetype_mxmodelreflection$mxobjectmember');
INSERT INTO "mendixsystem$unique_constraint" ("name", 
"table_id", 
"column_id")
 VALUES ('uniq_mxmodelreflection$mxobjectmember_type_mxmodelreflection$mxobjectmemberid', 
'0c4eb9cc-9cfc-4eca-a33a-63789b63d39b', 
'48644abb-eec4-30d1-a370-9517df17974a');
CREATE TABLE "mxmodelreflection$mxobjectmember_mxobjecttype" (
	"mxmodelreflection$mxobjectmemberid" BIGINT NOT NULL,
	"mxmodelreflection$mxobjecttypeid" BIGINT NOT NULL,
	PRIMARY KEY("mxmodelreflection$mxobjectmemberid","mxmodelreflection$mxobjecttypeid"),
	CONSTRAINT "uniq_mxmodelreflection$mxobjectmember_mxobjecttype_mxmodelreflection$mxobjectmemberid" UNIQUE ("mxmodelreflection$mxobjectmemberid"));
CREATE INDEX "idx_mxmodelreflection$mxobjectmember_mxobjecttype_mxmodelreflection$mxobjecttype_mxmodelreflection$mxobjectmember" ON "mxmodelreflection$mxobjectmember_mxobjecttype" ("mxmodelreflection$mxobjecttypeid" ASC,"mxmodelreflection$mxobjectmemberid" ASC);
INSERT INTO "mendixsystem$association" ("id", 
"association_name", 
"table_name", 
"parent_entity_id", 
"child_entity_id", 
"parent_column_name", 
"child_column_name", 
"index_name")
 VALUES ('7f21c43d-9680-4fe2-8768-a32b92d6078b', 
'MxModelReflection.MxObjectMember_MxObjectType', 
'mxmodelreflection$mxobjectmember_mxobjecttype', 
'6b8819a5-d89c-416d-afd0-b41d6ed7082a', 
'a2e02af3-924f-4960-8ea0-3931d519e13c', 
'mxmodelreflection$mxobjectmemberid', 
'mxmodelreflection$mxobjecttypeid', 
'idx_mxmodelreflection$mxobjectmember_mxobjecttype_mxmodelreflection$mxobjecttype_mxmodelreflection$mxobjectmember');
INSERT INTO "mendixsystem$unique_constraint" ("name", 
"table_id", 
"column_id")
 VALUES ('uniq_mxmodelreflection$mxobjectmember_mxobjecttype_mxmodelreflection$mxobjectmemberid', 
'7f21c43d-9680-4fe2-8768-a32b92d6078b', 
'e6c8f363-c258-3f7f-b7c0-5e35ba3cb823');
CREATE TABLE "excelimporter$additionalproperties" (
	"id" BIGINT NOT NULL,
	"printstatisticsmessages" VARCHAR_IGNORECASE(19) NULL,
	"printnotfoundmessages_mainobject" BOOLEAN NULL,
	"ignoreemptykeys" BOOLEAN NULL,
	"commitunchangedobjects_mainobject" BOOLEAN NULL,
	"removeunsyncedobjects" VARCHAR_IGNORECASE(22) NULL,
	"resetemptyassociations" BOOLEAN NULL,
	"createddate" TIMESTAMP NULL,
	"changeddate" TIMESTAMP NULL,
	"system$owner" BIGINT NULL,
	"system$changedby" BIGINT NULL,
	PRIMARY KEY("id"));
CREATE INDEX "idx_excelimporter$additionalproperties_system$owner" ON "excelimporter$additionalproperties" ("system$owner" ASC,"id" ASC);
CREATE INDEX "idx_excelimporter$additionalproperties_system$changedby" ON "excelimporter$additionalproperties" ("system$changedby" ASC,"id" ASC);
INSERT INTO "mendixsystem$entity" ("id", 
"entity_name", 
"table_name", 
"remote", 
"remote_primary_key")
 VALUES ('9d7316ed-65c0-46d0-8456-ab7c872d273c', 
'ExcelImporter.AdditionalProperties', 
'excelimporter$additionalproperties', 
false, 
false);
INSERT INTO "mendixsystem$attribute" ("id", 
"entity_id", 
"attribute_name", 
"column_name", 
"type", 
"length", 
"default_value", 
"is_auto_number")
 VALUES ('ec52782f-84bb-44e3-b8f0-ccda9f98434b', 
'9d7316ed-65c0-46d0-8456-ab7c872d273c', 
'PrintStatisticsMessages', 
'printstatisticsmessages', 
40, 
19, 
'AllStatistics', 
false);
INSERT INTO "mendixsystem$attribute" ("id", 
"entity_id", 
"attribute_name", 
"column_name", 
"type", 
"length", 
"default_value", 
"is_auto_number")
 VALUES ('f8cc97ef-56aa-4c10-b72e-bfddf8e8071f', 
'9d7316ed-65c0-46d0-8456-ab7c872d273c', 
'PrintNotFoundMessages_MainObject', 
'printnotfoundmessages_mainobject', 
10, 
0, 
'true', 
false);
INSERT INTO "mendixsystem$attribute" ("id", 
"entity_id", 
"attribute_name", 
"column_name", 
"type", 
"length", 
"default_value", 
"is_auto_number")
 VALUES ('88c33446-5e2c-4e9e-afc3-b8e8e9b55810', 
'9d7316ed-65c0-46d0-8456-ab7c872d273c', 
'IgnoreEmptyKeys', 
'ignoreemptykeys', 
10, 
0, 
'true', 
false);
INSERT INTO "mendixsystem$attribute" ("id", 
"entity_id", 
"attribute_name", 
"column_name", 
"type", 
"length", 
"default_value", 
"is_auto_number")
 VALUES ('eb9c9d60-bf8d-47be-a272-c1136a9fc99f', 
'9d7316ed-65c0-46d0-8456-ab7c872d273c', 
'CommitUnchangedObjects_MainObject', 
'commitunchangedobjects_mainobject', 
10, 
0, 
'true', 
false);
INSERT INTO "mendixsystem$attribute" ("id", 
"entity_id", 
"attribute_name", 
"column_name", 
"type", 
"length", 
"default_value", 
"is_auto_number")
 VALUES ('b9e70431-0ae9-4009-a177-ea604690e2a0', 
'9d7316ed-65c0-46d0-8456-ab7c872d273c', 
'RemoveUnsyncedObjects', 
'removeunsyncedobjects', 
40, 
22, 
'Nothing', 
false);
INSERT INTO "mendixsystem$attribute" ("id", 
"entity_id", 
"attribute_name", 
"column_name", 
"type", 
"length", 
"default_value", 
"is_auto_number")
 VALUES ('2d1b0e34-1d84-4b5c-8733-3a8ec809fabb', 
'9d7316ed-65c0-46d0-8456-ab7c872d273c', 
'ResetEmptyAssociations', 
'resetemptyassociations', 
10, 
0, 
'false', 
false);
INSERT INTO "mendixsystem$attribute" ("id", 
"entity_id", 
"attribute_name", 
"column_name", 
"type", 
"length", 
"default_value", 
"is_auto_number")
 VALUES ('3c9b3ab5-452a-3271-9c34-e2bdc0a80dfc', 
'9d7316ed-65c0-46d0-8456-ab7c872d273c', 
'createdDate', 
'createddate', 
20, 
0, 
'', 
false);
INSERT INTO "mendixsystem$attribute" ("id", 
"entity_id", 
"attribute_name", 
"column_name", 
"type", 
"length", 
"default_value", 
"is_auto_number")
 VALUES ('5c1e4695-1c75-33bc-b3c6-b20b5f3f1201', 
'9d7316ed-65c0-46d0-8456-ab7c872d273c', 
'changedDate', 
'changeddate', 
20, 
0, 
'', 
false);
INSERT INTO "mendixsystem$index" ("id", 
"table_id", 
"index_name")
 VALUES ('c98be714-23bf-3b62-bcf2-43a0b10bc639', 
'9d7316ed-65c0-46d0-8456-ab7c872d273c', 
'idx_excelimporter$additionalproperties_system$owner');
INSERT INTO "mendixsystem$index_column" ("index_id", 
"column_id", 
"sort_order", 
"ordinal")
 VALUES ('c98be714-23bf-3b62-bcf2-43a0b10bc639', 
'cd76373f-33b6-3b74-a45b-ae1880fdbbbd', 
false, 
0);
INSERT INTO "mendixsystem$index" ("id", 
"table_id", 
"index_name")
 VALUES ('53591b3d-3668-3643-93ef-1cd17bd6372e', 
'9d7316ed-65c0-46d0-8456-ab7c872d273c', 
'idx_excelimporter$additionalproperties_system$changedby');
INSERT INTO "mendixsystem$index_column" ("index_id", 
"column_id", 
"sort_order", 
"ordinal")
 VALUES ('53591b3d-3668-3643-93ef-1cd17bd6372e', 
'1b2b5d60-ac28-3fe1-b882-1f01b4408126', 
false, 
0);
INSERT INTO "mendixsystem$association" ("id", 
"association_name", 
"table_name", 
"parent_entity_id", 
"child_entity_id", 
"parent_column_name", 
"child_column_name")
 VALUES ('cd76373f-33b6-3b74-a45b-ae1880fdbbbd', 
'System.owner', 
'system$owner', 
'9d7316ed-65c0-46d0-8456-ab7c872d273c', 
'282e2e60-88a5-469d-84a5-ba8d9151644f', 
'id', 
'system$owner');
INSERT INTO "mendixsystem$association" ("id", 
"association_name", 
"table_name", 
"parent_entity_id", 
"child_entity_id", 
"parent_column_name", 
"child_column_name")
 VALUES ('1b2b5d60-ac28-3fe1-b882-1f01b4408126', 
'System.changedBy', 
'system$changedby', 
'9d7316ed-65c0-46d0-8456-ab7c872d273c', 
'282e2e60-88a5-469d-84a5-ba8d9151644f', 
'id', 
'system$changedby');
CREATE TABLE "excelimporter$additionalproperties_mxobjectmember_removeindicator" (
	"excelimporter$additionalpropertiesid" BIGINT NOT NULL,
	"mxmodelreflection$mxobjectmemberid" BIGINT NOT NULL,
	PRIMARY KEY("excelimporter$additionalpropertiesid","mxmodelreflection$mxobjectmemberid"),
	CONSTRAINT "uniq_excelimporter$additionalproperties_mxobjectmember_removeindicator_excelimporter$additionalpropertiesid" UNIQUE ("excelimporter$additionalpropertiesid"));
CREATE INDEX "idx_excelimporter$additionalproperties_mxobjectmember_removeindicator" ON "excelimporter$additionalproperties_mxobjectmember_removeindicator" ("mxmodelreflection$mxobjectmemberid" ASC,"excelimporter$additionalpropertiesid" ASC);
INSERT INTO "mendixsystem$association" ("id", 
"association_name", 
"table_name", 
"parent_entity_id", 
"child_entity_id", 
"parent_column_name", 
"child_column_name", 
"index_name")
 VALUES ('453d7cea-61f6-44e0-a36f-59295db18216', 
'ExcelImporter.AdditionalProperties_MxObjectMember_RemoveIndicator', 
'excelimporter$additionalproperties_mxobjectmember_removeindicator', 
'9d7316ed-65c0-46d0-8456-ab7c872d273c', 
'6b8819a5-d89c-416d-afd0-b41d6ed7082a', 
'excelimporter$additionalpropertiesid', 
'mxmodelreflection$mxobjectmemberid', 
'idx_excelimporter$additionalproperties_mxobjectmember_removeindicator');
INSERT INTO "mendixsystem$unique_constraint" ("name", 
"table_id", 
"column_id")
 VALUES ('uniq_excelimporter$additionalproperties_mxobjectmember_removeindicator_excelimporter$additionalpropertiesid', 
'453d7cea-61f6-44e0-a36f-59295db18216', 
'19b851d5-c979-36aa-be50-a8a13ee09b39');
CREATE TABLE "mxmodelreflection$parameter" (
	"id" BIGINT NOT NULL,
	"name" VARCHAR_IGNORECASE(200) NULL,
	"createddate" TIMESTAMP NULL,
	"changeddate" TIMESTAMP NULL,
	"system$changedby" BIGINT NULL,
	"system$owner" BIGINT NULL,
	PRIMARY KEY("id"));
CREATE INDEX "idx_mxmodelreflection$parameter_system$changedby" ON "mxmodelreflection$parameter" ("system$changedby" ASC,"id" ASC);
CREATE INDEX "idx_mxmodelreflection$parameter_system$owner" ON "mxmodelreflection$parameter" ("system$owner" ASC,"id" ASC);
INSERT INTO "mendixsystem$entity" ("id", 
"entity_name", 
"table_name", 
"remote", 
"remote_primary_key")
 VALUES ('09d44f89-4ea4-43f8-a736-d73885b6c384', 
'MxModelReflection.Parameter', 
'mxmodelreflection$parameter', 
false, 
false);
INSERT INTO "mendixsystem$attribute" ("id", 
"entity_id", 
"attribute_name", 
"column_name", 
"type", 
"length", 
"default_value", 
"is_auto_number")
 VALUES ('df3c5635-83e9-47ce-bd7b-59bd18ff7acb', 
'09d44f89-4ea4-43f8-a736-d73885b6c384', 
'Name', 
'name', 
30, 
200, 
'', 
false);
INSERT INTO "mendixsystem$attribute" ("id", 
"entity_id", 
"attribute_name", 
"column_name", 
"type", 
"length", 
"default_value", 
"is_auto_number")
 VALUES ('d5ed9e0d-fde1-3538-b846-f391f66dc6ad', 
'09d44f89-4ea4-43f8-a736-d73885b6c384', 
'createdDate', 
'createddate', 
20, 
0, 
'', 
false);
INSERT INTO "mendixsystem$attribute" ("id", 
"entity_id", 
"attribute_name", 
"column_name", 
"type", 
"length", 
"default_value", 
"is_auto_number")
 VALUES ('5660e6d5-0307-380c-83de-91194e43efe4', 
'09d44f89-4ea4-43f8-a736-d73885b6c384', 
'changedDate', 
'changeddate', 
20, 
0, 
'', 
false);
INSERT INTO "mendixsystem$index" ("id", 
"table_id", 
"index_name")
 VALUES ('682ad9de-f96c-31d4-ad88-c3a39bfc7126', 
'09d44f89-4ea4-43f8-a736-d73885b6c384', 
'idx_mxmodelreflection$parameter_system$changedby');
INSERT INTO "mendixsystem$index_column" ("index_id", 
"column_id", 
"sort_order", 
"ordinal")
 VALUES ('682ad9de-f96c-31d4-ad88-c3a39bfc7126', 
'704e6bf8-4e0c-3c05-bbae-752f205295ae', 
false, 
0);
INSERT INTO "mendixsystem$index" ("id", 
"table_id", 
"index_name")
 VALUES ('1826f687-f651-3d9f-915e-1fa743b8b3fb', 
'09d44f89-4ea4-43f8-a736-d73885b6c384', 
'idx_mxmodelreflection$parameter_system$owner');
INSERT INTO "mendixsystem$index_column" ("index_id", 
"column_id", 
"sort_order", 
"ordinal")
 VALUES ('1826f687-f651-3d9f-915e-1fa743b8b3fb', 
'd5ca2aee-bc74-3085-b5fe-08a496a53ea6', 
false, 
0);
INSERT INTO "mendixsystem$association" ("id", 
"association_name", 
"table_name", 
"parent_entity_id", 
"child_entity_id", 
"parent_column_name", 
"child_column_name")
 VALUES ('704e6bf8-4e0c-3c05-bbae-752f205295ae', 
'System.changedBy', 
'system$changedby', 
'09d44f89-4ea4-43f8-a736-d73885b6c384', 
'282e2e60-88a5-469d-84a5-ba8d9151644f', 
'id', 
'system$changedby');
INSERT INTO "mendixsystem$association" ("id", 
"association_name", 
"table_name", 
"parent_entity_id", 
"child_entity_id", 
"parent_column_name", 
"child_column_name")
 VALUES ('d5ca2aee-bc74-3085-b5fe-08a496a53ea6', 
'System.owner', 
'system$owner', 
'09d44f89-4ea4-43f8-a736-d73885b6c384', 
'282e2e60-88a5-469d-84a5-ba8d9151644f', 
'id', 
'system$owner');
CREATE TABLE "mxmodelreflection$parameter_mxobjecttype" (
	"mxmodelreflection$parameterid" BIGINT NOT NULL,
	"mxmodelreflection$mxobjecttypeid" BIGINT NOT NULL,
	PRIMARY KEY("mxmodelreflection$parameterid","mxmodelreflection$mxobjecttypeid"),
	CONSTRAINT "uniq_mxmodelreflection$parameter_mxobjecttype_mxmodelreflection$parameterid" UNIQUE ("mxmodelreflection$parameterid"));
CREATE INDEX "idx_mxmodelreflection$parameter_mxobjecttype_mxmodelreflection$mxobjecttype_mxmodelreflection$parameter" ON "mxmodelreflection$parameter_mxobjecttype" ("mxmodelreflection$mxobjecttypeid" ASC,"mxmodelreflection$parameterid" ASC);
INSERT INTO "mendixsystem$association" ("id", 
"association_name", 
"table_name", 
"parent_entity_id", 
"child_entity_id", 
"parent_column_name", 
"child_column_name", 
"index_name")
 VALUES ('5cb9c25a-30c3-45d1-a23c-b0a4a475c95b', 
'MxModelReflection.Parameter_MxObjectType', 
'mxmodelreflection$parameter_mxobjecttype', 
'09d44f89-4ea4-43f8-a736-d73885b6c384', 
'a2e02af3-924f-4960-8ea0-3931d519e13c', 
'mxmodelreflection$parameterid', 
'mxmodelreflection$mxobjecttypeid', 
'idx_mxmodelreflection$parameter_mxobjecttype_mxmodelreflection$mxobjecttype_mxmodelreflection$parameter');
INSERT INTO "mendixsystem$unique_constraint" ("name", 
"table_id", 
"column_id")
 VALUES ('uniq_mxmodelreflection$parameter_mxobjecttype_mxmodelreflection$parameterid', 
'5cb9c25a-30c3-45d1-a23c-b0a4a475c95b', 
'9fa406b2-4bdb-3cbc-893d-6f7075a948f8');
CREATE TABLE "mxmodelreflection$parameter_valuetype" (
	"mxmodelreflection$parameterid" BIGINT NOT NULL,
	"mxmodelreflection$valuetypeid" BIGINT NOT NULL,
	PRIMARY KEY("mxmodelreflection$parameterid","mxmodelreflection$valuetypeid"),
	CONSTRAINT "uniq_mxmodelreflection$parameter_valuetype_mxmodelreflection$parameterid" UNIQUE ("mxmodelreflection$parameterid"));
CREATE INDEX "idx_mxmodelreflection$parameter_valuetype_mxmodelreflection$valuetype_mxmodelreflection$parameter" ON "mxmodelreflection$parameter_valuetype" ("mxmodelreflection$valuetypeid" ASC,"mxmodelreflection$parameterid" ASC);
INSERT INTO "mendixsystem$association" ("id", 
"association_name", 
"table_name", 
"parent_entity_id", 
"child_entity_id", 
"parent_column_name", 
"child_column_name", 
"index_name")
 VALUES ('9b4aea6d-6e27-46c3-b927-a35089d945da', 
'MxModelReflection.Parameter_ValueType', 
'mxmodelreflection$parameter_valuetype', 
'09d44f89-4ea4-43f8-a736-d73885b6c384', 
'0f209ee7-1074-4542-8414-5efb2d399f68', 
'mxmodelreflection$parameterid', 
'mxmodelreflection$valuetypeid', 
'idx_mxmodelreflection$parameter_valuetype_mxmodelreflection$valuetype_mxmodelreflection$parameter');
INSERT INTO "mendixsystem$unique_constraint" ("name", 
"table_id", 
"column_id")
 VALUES ('uniq_mxmodelreflection$parameter_valuetype_mxmodelreflection$parameterid', 
'9b4aea6d-6e27-46c3-b927-a35089d945da', 
'fbe0794b-6e11-337b-bb9d-e32e62e8975d');
CREATE TABLE "excelimporter$templatedocument" (
	"id" BIGINT NOT NULL,
	PRIMARY KEY("id"));
INSERT INTO "mendixsystem$entity" ("id", 
"entity_name", 
"table_name", 
"superentity_id", 
"remote", 
"remote_primary_key")
 VALUES ('5b6d0ad7-fa4a-4a30-ad19-9be006c3cc1b', 
'ExcelImporter.TemplateDocument', 
'excelimporter$templatedocument', 
'170ce49d-f29c-4fac-99a6-b55e8a3aeb39', 
false, 
false);
CREATE TABLE "excelimporter$templatedocument_template" (
	"excelimporter$templatedocumentid" BIGINT NOT NULL,
	"excelimporter$templateid" BIGINT NOT NULL,
	PRIMARY KEY("excelimporter$templatedocumentid","excelimporter$templateid"),
	CONSTRAINT "uniq_excelimporter$templatedocument_template_excelimporter$templatedocumentid" UNIQUE ("excelimporter$templatedocumentid"));
CREATE INDEX "idx_excelimporter$templatedocument_template_excelimporter$template_excelimporter$templatedocument" ON "excelimporter$templatedocument_template" ("excelimporter$templateid" ASC,"excelimporter$templatedocumentid" ASC);
INSERT INTO "mendixsystem$association" ("id", 
"association_name", 
"table_name", 
"parent_entity_id", 
"child_entity_id", 
"parent_column_name", 
"child_column_name", 
"index_name")
 VALUES ('10ec5e93-aaaa-4625-bf01-232cb1de5c08', 
'ExcelImporter.TemplateDocument_Template', 
'excelimporter$templatedocument_template', 
'5b6d0ad7-fa4a-4a30-ad19-9be006c3cc1b', 
'0e76c0cf-9d03-43de-907e-3ca34fa67a45', 
'excelimporter$templatedocumentid', 
'excelimporter$templateid', 
'idx_excelimporter$templatedocument_template_excelimporter$template_excelimporter$templatedocument');
INSERT INTO "mendixsystem$unique_constraint" ("name", 
"table_id", 
"column_id")
 VALUES ('uniq_excelimporter$templatedocument_template_excelimporter$templatedocumentid', 
'10ec5e93-aaaa-4625-bf01-232cb1de5c08', 
'51ad2621-8680-39aa-88b6-266c42822103');
CREATE TABLE "mxmodelreflection$token" (
	"id" BIGINT NOT NULL,
	"token" VARCHAR_IGNORECASE(50) NULL,
	"prefix" VARCHAR_IGNORECASE(3) NULL,
	"suffix" VARCHAR_IGNORECASE(3) NULL,
	"combinedtoken" VARCHAR_IGNORECASE(56) NULL,
	"description" VARCHAR_IGNORECASE(300) NULL,
	"metamodelpath" VARCHAR_IGNORECASE(1000) NULL,
	"tokentype" VARCHAR_IGNORECASE(9) NULL,
	"status" VARCHAR_IGNORECASE(7) NULL,
	"findobjectstart" VARCHAR_IGNORECASE(200) NULL,
	"findobjectreference" VARCHAR_IGNORECASE(200) NULL,
	"findreference" VARCHAR_IGNORECASE(200) NULL,
	"findmember" VARCHAR_IGNORECASE(200) NULL,
	"findmemberreference" VARCHAR_IGNORECASE(200) NULL,
	"isoptional" BOOLEAN NULL,
	"displaypattern" VARCHAR_IGNORECASE(50) NULL,
	"createddate" TIMESTAMP NULL,
	"changeddate" TIMESTAMP NULL,
	"system$changedby" BIGINT NULL,
	"system$owner" BIGINT NULL,
	PRIMARY KEY("id"));
CREATE INDEX "idx_mxmodelreflection$token_combinedtoken_asc" ON "mxmodelreflection$token" ("combinedtoken" ASC,"id" ASC);
CREATE INDEX "idx_mxmodelreflection$token_system$changedby" ON "mxmodelreflection$token" ("system$changedby" ASC,"id" ASC);
CREATE INDEX "idx_mxmodelreflection$token_system$owner" ON "mxmodelreflection$token" ("system$owner" ASC,"id" ASC);
INSERT INTO "mendixsystem$entity" ("id", 
"entity_name", 
"table_name", 
"remote", 
"remote_primary_key")
 VALUES ('ab074b77-6699-4bdd-ad5a-3824b967e4ac', 
'MxModelReflection.Token', 
'mxmodelreflection$token', 
false, 
false);
INSERT INTO "mendixsystem$attribute" ("id", 
"entity_id", 
"attribute_name", 
"column_name", 
"type", 
"length", 
"default_value", 
"is_auto_number")
 VALUES ('6cf4f92a-e680-467e-8e56-7ea8ebe74419', 
'ab074b77-6699-4bdd-ad5a-3824b967e4ac', 
'Token', 
'token', 
30, 
50, 
'', 
false);
INSERT INTO "mendixsystem$attribute" ("id", 
"entity_id", 
"attribute_name", 
"column_name", 
"type", 
"length", 
"default_value", 
"is_auto_number")
 VALUES ('3869b22a-db57-418e-813d-db42c3c2124f', 
'ab074b77-6699-4bdd-ad5a-3824b967e4ac', 
'Prefix', 
'prefix', 
30, 
3, 
'{%', 
false);
INSERT INTO "mendixsystem$attribute" ("id", 
"entity_id", 
"attribute_name", 
"column_name", 
"type", 
"length", 
"default_value", 
"is_auto_number")
 VALUES ('8b00b64b-a154-4063-9f76-13277f208ba4', 
'ab074b77-6699-4bdd-ad5a-3824b967e4ac', 
'Suffix', 
'suffix', 
30, 
3, 
'%}', 
false);
INSERT INTO "mendixsystem$attribute" ("id", 
"entity_id", 
"attribute_name", 
"column_name", 
"type", 
"length", 
"default_value", 
"is_auto_number")
 VALUES ('2abcc6c4-893b-4bfd-84f8-5783d0a7211b', 
'ab074b77-6699-4bdd-ad5a-3824b967e4ac', 
'CombinedToken', 
'combinedtoken', 
30, 
56, 
'', 
false);
INSERT INTO "mendixsystem$attribute" ("id", 
"entity_id", 
"attribute_name", 
"column_name", 
"type", 
"length", 
"default_value", 
"is_auto_number")
 VALUES ('67ec8c44-4938-4ecf-9319-06ea63742904', 
'ab074b77-6699-4bdd-ad5a-3824b967e4ac', 
'Description', 
'description', 
30, 
300, 
'', 
false);
INSERT INTO "mendixsystem$attribute" ("id", 
"entity_id", 
"attribute_name", 
"column_name", 
"type", 
"length", 
"default_value", 
"is_auto_number")
 VALUES ('5e02f1d7-4dff-470e-a7da-51aa6082c529', 
'ab074b77-6699-4bdd-ad5a-3824b967e4ac', 
'MetaModelPath', 
'metamodelpath', 
30, 
1000, 
'', 
false);
INSERT INTO "mendixsystem$attribute" ("id", 
"entity_id", 
"attribute_name", 
"column_name", 
"type", 
"length", 
"default_value", 
"is_auto_number")
 VALUES ('06019d76-d97e-4026-a8f7-7e3379594076', 
'ab074b77-6699-4bdd-ad5a-3824b967e4ac', 
'TokenType', 
'tokentype', 
40, 
9, 
'', 
false);
INSERT INTO "mendixsystem$attribute" ("id", 
"entity_id", 
"attribute_name", 
"column_name", 
"type", 
"length", 
"default_value", 
"is_auto_number")
 VALUES ('9f611c31-444f-4f28-ba20-264be7823337', 
'ab074b77-6699-4bdd-ad5a-3824b967e4ac', 
'Status', 
'status', 
40, 
7, 
'Invalid', 
false);
INSERT INTO "mendixsystem$attribute" ("id", 
"entity_id", 
"attribute_name", 
"column_name", 
"type", 
"length", 
"default_value", 
"is_auto_number")
 VALUES ('921dbb54-4f88-41e4-aca0-6577b5243e17', 
'ab074b77-6699-4bdd-ad5a-3824b967e4ac', 
'FindObjectStart', 
'findobjectstart', 
30, 
200, 
'', 
false);
INSERT INTO "mendixsystem$attribute" ("id", 
"entity_id", 
"attribute_name", 
"column_name", 
"type", 
"length", 
"default_value", 
"is_auto_number")
 VALUES ('208d03c0-5ed3-4462-b638-9ea274d17081', 
'ab074b77-6699-4bdd-ad5a-3824b967e4ac', 
'FindObjectReference', 
'findobjectreference', 
30, 
200, 
'', 
false);
INSERT INTO "mendixsystem$attribute" ("id", 
"entity_id", 
"attribute_name", 
"column_name", 
"type", 
"length", 
"default_value", 
"is_auto_number")
 VALUES ('d3c89447-695e-4271-b73d-d1ad3318006a', 
'ab074b77-6699-4bdd-ad5a-3824b967e4ac', 
'FindReference', 
'findreference', 
30, 
200, 
'', 
false);
INSERT INTO "mendixsystem$attribute" ("id", 
"entity_id", 
"attribute_name", 
"column_name", 
"type", 
"length", 
"default_value", 
"is_auto_number")
 VALUES ('3266741e-a801-4ec2-a333-9e7b3f50e25a', 
'ab074b77-6699-4bdd-ad5a-3824b967e4ac', 
'FindMember', 
'findmember', 
30, 
200, 
'', 
false);
INSERT INTO "mendixsystem$attribute" ("id", 
"entity_id", 
"attribute_name", 
"column_name", 
"type", 
"length", 
"default_value", 
"is_auto_number")
 VALUES ('0f979ba5-4e9d-4b88-9102-91fa9c35189f', 
'ab074b77-6699-4bdd-ad5a-3824b967e4ac', 
'FindMemberReference', 
'findmemberreference', 
30, 
200, 
'', 
false);
INSERT INTO "mendixsystem$attribute" ("id", 
"entity_id", 
"attribute_name", 
"column_name", 
"type", 
"length", 
"default_value", 
"is_auto_number")
 VALUES ('2569a4fd-217a-4bda-a523-af7aeb768fe1', 
'ab074b77-6699-4bdd-ad5a-3824b967e4ac', 
'IsOptional', 
'isoptional', 
10, 
0, 
'false', 
false);
INSERT INTO "mendixsystem$attribute" ("id", 
"entity_id", 
"attribute_name", 
"column_name", 
"type", 
"length", 
"default_value", 
"is_auto_number")
 VALUES ('a3129339-7e3a-4603-b5fe-948c3c59a8d3', 
'ab074b77-6699-4bdd-ad5a-3824b967e4ac', 
'DisplayPattern', 
'displaypattern', 
30, 
50, 
'', 
false);
INSERT INTO "mendixsystem$attribute" ("id", 
"entity_id", 
"attribute_name", 
"column_name", 
"type", 
"length", 
"default_value", 
"is_auto_number")
 VALUES ('b451257a-1f8f-3189-9876-5b8ae2ddb2f7', 
'ab074b77-6699-4bdd-ad5a-3824b967e4ac', 
'createdDate', 
'createddate', 
20, 
0, 
'', 
false);
INSERT INTO "mendixsystem$attribute" ("id", 
"entity_id", 
"attribute_name", 
"column_name", 
"type", 
"length", 
"default_value", 
"is_auto_number")
 VALUES ('1273961b-3cfb-335a-b665-fa395b4044fc', 
'ab074b77-6699-4bdd-ad5a-3824b967e4ac', 
'changedDate', 
'changeddate', 
20, 
0, 
'', 
false);
INSERT INTO "mendixsystem$index" ("id", 
"table_id", 
"index_name")
 VALUES ('7f815e71-39d4-49ee-bb4a-4a86068e74d7', 
'ab074b77-6699-4bdd-ad5a-3824b967e4ac', 
'idx_mxmodelreflection$token_combinedtoken_asc');
INSERT INTO "mendixsystem$index_column" ("index_id", 
"column_id", 
"sort_order", 
"ordinal")
 VALUES ('7f815e71-39d4-49ee-bb4a-4a86068e74d7', 
'2abcc6c4-893b-4bfd-84f8-5783d0a7211b', 
false, 
0);
INSERT INTO "mendixsystem$index" ("id", 
"table_id", 
"index_name")
 VALUES ('d4671c3a-b619-3a21-9057-228332f4bd30', 
'ab074b77-6699-4bdd-ad5a-3824b967e4ac', 
'idx_mxmodelreflection$token_system$changedby');
INSERT INTO "mendixsystem$index_column" ("index_id", 
"column_id", 
"sort_order", 
"ordinal")
 VALUES ('d4671c3a-b619-3a21-9057-228332f4bd30', 
'7176fe77-7bef-3597-8a92-55403edbdbf4', 
false, 
0);
INSERT INTO "mendixsystem$index" ("id", 
"table_id", 
"index_name")
 VALUES ('1cf0696b-ab4d-33bd-8c4f-a9a362ebf33b', 
'ab074b77-6699-4bdd-ad5a-3824b967e4ac', 
'idx_mxmodelreflection$token_system$owner');
INSERT INTO "mendixsystem$index_column" ("index_id", 
"column_id", 
"sort_order", 
"ordinal")
 VALUES ('1cf0696b-ab4d-33bd-8c4f-a9a362ebf33b', 
'272977c4-0031-3be2-9f7f-61f8aec4f97b', 
false, 
0);
INSERT INTO "mendixsystem$association" ("id", 
"association_name", 
"table_name", 
"parent_entity_id", 
"child_entity_id", 
"parent_column_name", 
"child_column_name")
 VALUES ('7176fe77-7bef-3597-8a92-55403edbdbf4', 
'System.changedBy', 
'system$changedby', 
'ab074b77-6699-4bdd-ad5a-3824b967e4ac', 
'282e2e60-88a5-469d-84a5-ba8d9151644f', 
'id', 
'system$changedby');
INSERT INTO "mendixsystem$association" ("id", 
"association_name", 
"table_name", 
"parent_entity_id", 
"child_entity_id", 
"parent_column_name", 
"child_column_name")
 VALUES ('272977c4-0031-3be2-9f7f-61f8aec4f97b', 
'System.owner', 
'system$owner', 
'ab074b77-6699-4bdd-ad5a-3824b967e4ac', 
'282e2e60-88a5-469d-84a5-ba8d9151644f', 
'id', 
'system$owner');
CREATE TABLE "mxmodelreflection$token_mxobjecttype_start" (
	"mxmodelreflection$tokenid" BIGINT NOT NULL,
	"mxmodelreflection$mxobjecttypeid" BIGINT NOT NULL,
	PRIMARY KEY("mxmodelreflection$tokenid","mxmodelreflection$mxobjecttypeid"),
	CONSTRAINT "uniq_mxmodelreflection$token_mxobjecttype_start_mxmodelreflection$tokenid" UNIQUE ("mxmodelreflection$tokenid"));
CREATE INDEX "idx_mxmodelreflection$token_mxobjecttype_start_mxmodelreflection$mxobjecttype_mxmodelreflection$token" ON "mxmodelreflection$token_mxobjecttype_start" ("mxmodelreflection$mxobjecttypeid" ASC,"mxmodelreflection$tokenid" ASC);
INSERT INTO "mendixsystem$association" ("id", 
"association_name", 
"table_name", 
"parent_entity_id", 
"child_entity_id", 
"parent_column_name", 
"child_column_name", 
"index_name")
 VALUES ('68175b48-6df2-485f-af4c-b111020c8f74', 
'MxModelReflection.Token_MxObjectType_Start', 
'mxmodelreflection$token_mxobjecttype_start', 
'ab074b77-6699-4bdd-ad5a-3824b967e4ac', 
'a2e02af3-924f-4960-8ea0-3931d519e13c', 
'mxmodelreflection$tokenid', 
'mxmodelreflection$mxobjecttypeid', 
'idx_mxmodelreflection$token_mxobjecttype_start_mxmodelreflection$mxobjecttype_mxmodelreflection$token');
INSERT INTO "mendixsystem$unique_constraint" ("name", 
"table_id", 
"column_id")
 VALUES ('uniq_mxmodelreflection$token_mxobjecttype_start_mxmodelreflection$tokenid', 
'68175b48-6df2-485f-af4c-b111020c8f74', 
'927c4691-fd32-37dd-ba02-ccd5bb54abd8');
CREATE TABLE "mxmodelreflection$token_mxobjectreference" (
	"mxmodelreflection$tokenid" BIGINT NOT NULL,
	"mxmodelreflection$mxobjectreferenceid" BIGINT NOT NULL,
	PRIMARY KEY("mxmodelreflection$tokenid","mxmodelreflection$mxobjectreferenceid"),
	CONSTRAINT "uniq_mxmodelreflection$token_mxobjectreference_mxmodelreflection$tokenid" UNIQUE ("mxmodelreflection$tokenid"));
CREATE INDEX "idx_mxmodelreflection$token_mxobjectreference_mxmodelreflection$mxobjectreference_mxmodelreflection$token" ON "mxmodelreflection$token_mxobjectreference" ("mxmodelreflection$mxobjectreferenceid" ASC,"mxmodelreflection$tokenid" ASC);
INSERT INTO "mendixsystem$association" ("id", 
"association_name", 
"table_name", 
"parent_entity_id", 
"child_entity_id", 
"parent_column_name", 
"child_column_name", 
"index_name")
 VALUES ('c0ba1e5c-5b60-4cfe-a8e6-d08fa4a5c48a', 
'MxModelReflection.Token_MxObjectReference', 
'mxmodelreflection$token_mxobjectreference', 
'ab074b77-6699-4bdd-ad5a-3824b967e4ac', 
'1924ec90-c76d-4d34-828f-ee4cf24dc1ca', 
'mxmodelreflection$tokenid', 
'mxmodelreflection$mxobjectreferenceid', 
'idx_mxmodelreflection$token_mxobjectreference_mxmodelreflection$mxobjectreference_mxmodelreflection$token');
INSERT INTO "mendixsystem$unique_constraint" ("name", 
"table_id", 
"column_id")
 VALUES ('uniq_mxmodelreflection$token_mxobjectreference_mxmodelreflection$tokenid', 
'c0ba1e5c-5b60-4cfe-a8e6-d08fa4a5c48a', 
'e783f7da-a0ab-3036-8555-f8483add762e');
CREATE TABLE "mxmodelreflection$token_mxobjecttype_referenced" (
	"mxmodelreflection$tokenid" BIGINT NOT NULL,
	"mxmodelreflection$mxobjecttypeid" BIGINT NOT NULL,
	PRIMARY KEY("mxmodelreflection$tokenid","mxmodelreflection$mxobjecttypeid"),
	CONSTRAINT "uniq_mxmodelreflection$token_mxobjecttype_referenced_mxmodelreflection$tokenid" UNIQUE ("mxmodelreflection$tokenid"));
CREATE INDEX "idx_mxmodelreflection$token_mxobjecttype_referenced_mxmodelreflection$mxobjecttype_mxmodelreflection$token" ON "mxmodelreflection$token_mxobjecttype_referenced" ("mxmodelreflection$mxobjecttypeid" ASC,"mxmodelreflection$tokenid" ASC);
INSERT INTO "mendixsystem$association" ("id", 
"association_name", 
"table_name", 
"parent_entity_id", 
"child_entity_id", 
"parent_column_name", 
"child_column_name", 
"index_name")
 VALUES ('946eb599-c2a2-4c1b-b616-f5bacadd836a', 
'MxModelReflection.Token_MxObjectType_Referenced', 
'mxmodelreflection$token_mxobjecttype_referenced', 
'ab074b77-6699-4bdd-ad5a-3824b967e4ac', 
'a2e02af3-924f-4960-8ea0-3931d519e13c', 
'mxmodelreflection$tokenid', 
'mxmodelreflection$mxobjecttypeid', 
'idx_mxmodelreflection$token_mxobjecttype_referenced_mxmodelreflection$mxobjecttype_mxmodelreflection$token');
INSERT INTO "mendixsystem$unique_constraint" ("name", 
"table_id", 
"column_id")
 VALUES ('uniq_mxmodelreflection$token_mxobjecttype_referenced_mxmodelreflection$tokenid', 
'946eb599-c2a2-4c1b-b616-f5bacadd836a', 
'4edb1cb3-9ab1-3711-a03c-3c1e21d1784f');
CREATE TABLE "mxmodelreflection$token_mxobjectmember" (
	"mxmodelreflection$tokenid" BIGINT NOT NULL,
	"mxmodelreflection$mxobjectmemberid" BIGINT NOT NULL,
	PRIMARY KEY("mxmodelreflection$tokenid","mxmodelreflection$mxobjectmemberid"),
	CONSTRAINT "uniq_mxmodelreflection$token_mxobjectmember_mxmodelreflection$tokenid" UNIQUE ("mxmodelreflection$tokenid"));
CREATE INDEX "idx_mxmodelreflection$token_mxobjectmember_mxmodelreflection$mxobjectmember_mxmodelreflection$token" ON "mxmodelreflection$token_mxobjectmember" ("mxmodelreflection$mxobjectmemberid" ASC,"mxmodelreflection$tokenid" ASC);
INSERT INTO "mendixsystem$association" ("id", 
"association_name", 
"table_name", 
"parent_entity_id", 
"child_entity_id", 
"parent_column_name", 
"child_column_name", 
"index_name")
 VALUES ('bd7f0873-c385-4529-930a-55bfaab44303', 
'MxModelReflection.Token_MxObjectMember', 
'mxmodelreflection$token_mxobjectmember', 
'ab074b77-6699-4bdd-ad5a-3824b967e4ac', 
'6b8819a5-d89c-416d-afd0-b41d6ed7082a', 
'mxmodelreflection$tokenid', 
'mxmodelreflection$mxobjectmemberid', 
'idx_mxmodelreflection$token_mxobjectmember_mxmodelreflection$mxobjectmember_mxmodelreflection$token');
INSERT INTO "mendixsystem$unique_constraint" ("name", 
"table_id", 
"column_id")
 VALUES ('uniq_mxmodelreflection$token_mxobjectmember_mxmodelreflection$tokenid', 
'bd7f0873-c385-4529-930a-55bfaab44303', 
'9a9fc1aa-01c3-3700-8545-8e3996e9e8ad');
CREATE TABLE "mxmodelreflection$mxobjectenumcaptions" (
	"id" BIGINT NOT NULL,
	"caption" VARCHAR_IGNORECASE(200) NULL,
	"languagecode" VARCHAR_IGNORECASE(8) NULL,
	"languagename" VARCHAR_IGNORECASE(200) NULL,
	"createddate" TIMESTAMP NULL,
	"changeddate" TIMESTAMP NULL,
	"system$owner" BIGINT NULL,
	"system$changedby" BIGINT NULL,
	PRIMARY KEY("id"));
CREATE INDEX "idx_mxmodelreflection$mxobjectenumcaptions_system$owner" ON "mxmodelreflection$mxobjectenumcaptions" ("system$owner" ASC,"id" ASC);
CREATE INDEX "idx_mxmodelreflection$mxobjectenumcaptions_system$changedby" ON "mxmodelreflection$mxobjectenumcaptions" ("system$changedby" ASC,"id" ASC);
INSERT INTO "mendixsystem$entity" ("id", 
"entity_name", 
"table_name", 
"remote", 
"remote_primary_key")
 VALUES ('ac672f96-af89-4bc0-a8ad-3aa27103c8a1', 
'MxModelReflection.MxObjectEnumCaptions', 
'mxmodelreflection$mxobjectenumcaptions', 
false, 
false);
INSERT INTO "mendixsystem$attribute" ("id", 
"entity_id", 
"attribute_name", 
"column_name", 
"type", 
"length", 
"default_value", 
"is_auto_number")
 VALUES ('9feabe11-9861-4980-b58f-e833091c4d3a', 
'ac672f96-af89-4bc0-a8ad-3aa27103c8a1', 
'Caption', 
'caption', 
30, 
200, 
'', 
false);
INSERT INTO "mendixsystem$attribute" ("id", 
"entity_id", 
"attribute_name", 
"column_name", 
"type", 
"length", 
"default_value", 
"is_auto_number")
 VALUES ('534aa8a9-32c8-49b6-bcb5-28dbbc0d63ae', 
'ac672f96-af89-4bc0-a8ad-3aa27103c8a1', 
'LanguageCode', 
'languagecode', 
30, 
8, 
'', 
false);
INSERT INTO "mendixsystem$attribute" ("id", 
"entity_id", 
"attribute_name", 
"column_name", 
"type", 
"length", 
"default_value", 
"is_auto_number")
 VALUES ('844da637-a7bb-4322-a463-35f8ed36491d', 
'ac672f96-af89-4bc0-a8ad-3aa27103c8a1', 
'LanguageName', 
'languagename', 
30, 
200, 
'', 
false);
INSERT INTO "mendixsystem$attribute" ("id", 
"entity_id", 
"attribute_name", 
"column_name", 
"type", 
"length", 
"default_value", 
"is_auto_number")
 VALUES ('9f18e2f0-55cd-33fe-a819-f063c7f42655', 
'ac672f96-af89-4bc0-a8ad-3aa27103c8a1', 
'createdDate', 
'createddate', 
20, 
0, 
'', 
false);
INSERT INTO "mendixsystem$attribute" ("id", 
"entity_id", 
"attribute_name", 
"column_name", 
"type", 
"length", 
"default_value", 
"is_auto_number")
 VALUES ('2ef7520f-fd85-3966-86d1-ab74dbfee3b7', 
'ac672f96-af89-4bc0-a8ad-3aa27103c8a1', 
'changedDate', 
'changeddate', 
20, 
0, 
'', 
false);
INSERT INTO "mendixsystem$index" ("id", 
"table_id", 
"index_name")
 VALUES ('0060432a-9f98-318d-b01c-fb60589e2d3b', 
'ac672f96-af89-4bc0-a8ad-3aa27103c8a1', 
'idx_mxmodelreflection$mxobjectenumcaptions_system$owner');
INSERT INTO "mendixsystem$index_column" ("index_id", 
"column_id", 
"sort_order", 
"ordinal")
 VALUES ('0060432a-9f98-318d-b01c-fb60589e2d3b', 
'36144f5c-444e-388d-84dd-dae0613ed4d0', 
false, 
0);
INSERT INTO "mendixsystem$index" ("id", 
"table_id", 
"index_name")
 VALUES ('d1746554-7fe1-3bf5-aae6-63c7bffc7c4b', 
'ac672f96-af89-4bc0-a8ad-3aa27103c8a1', 
'idx_mxmodelreflection$mxobjectenumcaptions_system$changedby');
INSERT INTO "mendixsystem$index_column" ("index_id", 
"column_id", 
"sort_order", 
"ordinal")
 VALUES ('d1746554-7fe1-3bf5-aae6-63c7bffc7c4b', 
'5ad2b222-3b2e-31c2-b23f-bdc49b4a7500', 
false, 
0);
INSERT INTO "mendixsystem$association" ("id", 
"association_name", 
"table_name", 
"parent_entity_id", 
"child_entity_id", 
"parent_column_name", 
"child_column_name")
 VALUES ('36144f5c-444e-388d-84dd-dae0613ed4d0', 
'System.owner', 
'system$owner', 
'ac672f96-af89-4bc0-a8ad-3aa27103c8a1', 
'282e2e60-88a5-469d-84a5-ba8d9151644f', 
'id', 
'system$owner');
INSERT INTO "mendixsystem$association" ("id", 
"association_name", 
"table_name", 
"parent_entity_id", 
"child_entity_id", 
"parent_column_name", 
"child_column_name")
 VALUES ('5ad2b222-3b2e-31c2-b23f-bdc49b4a7500', 
'System.changedBy', 
'system$changedby', 
'ac672f96-af89-4bc0-a8ad-3aa27103c8a1', 
'282e2e60-88a5-469d-84a5-ba8d9151644f', 
'id', 
'system$changedby');
CREATE TABLE "mxmodelreflection$module" (
	"id" BIGINT NOT NULL,
	"modulename" VARCHAR_IGNORECASE(200) NULL,
	"synchronizeobjectswithinmodule" BOOLEAN NULL,
	PRIMARY KEY("id"));
INSERT INTO "mendixsystem$entity" ("id", 
"entity_name", 
"table_name", 
"remote", 
"remote_primary_key")
 VALUES ('ce751dfd-ca45-4842-bf30-f24ec84abf16', 
'MxModelReflection.Module', 
'mxmodelreflection$module', 
false, 
false);
INSERT INTO "mendixsystem$attribute" ("id", 
"entity_id", 
"attribute_name", 
"column_name", 
"type", 
"length", 
"default_value", 
"is_auto_number")
 VALUES ('a11c8071-bb12-4856-9241-bd9e57c31d3f', 
'ce751dfd-ca45-4842-bf30-f24ec84abf16', 
'ModuleName', 
'modulename', 
30, 
200, 
'', 
false);
INSERT INTO "mendixsystem$attribute" ("id", 
"entity_id", 
"attribute_name", 
"column_name", 
"type", 
"length", 
"default_value", 
"is_auto_number")
 VALUES ('5edb1577-2d1f-4446-8ced-2dd7d2714bb6', 
'ce751dfd-ca45-4842-bf30-f24ec84abf16', 
'SynchronizeObjectsWithinModule', 
'synchronizeobjectswithinmodule', 
10, 
0, 
'false', 
false);
CREATE TABLE "excelimporter$xmldocumenttemplate" (
	"id" BIGINT NOT NULL,
	PRIMARY KEY("id"));
INSERT INTO "mendixsystem$entity" ("id", 
"entity_name", 
"table_name", 
"superentity_id", 
"remote", 
"remote_primary_key")
 VALUES ('aaca8270-5d72-4fab-8671-98b82360638a', 
'ExcelImporter.XMLDocumentTemplate', 
'excelimporter$xmldocumenttemplate', 
'170ce49d-f29c-4fac-99a6-b55e8a3aeb39', 
false, 
false);
CREATE TABLE "excelimporter$xmldocumenttemplate_template" (
	"excelimporter$xmldocumenttemplateid" BIGINT NOT NULL,
	"excelimporter$templateid" BIGINT NOT NULL,
	PRIMARY KEY("excelimporter$xmldocumenttemplateid","excelimporter$templateid"),
	CONSTRAINT "uniq_excelimporter$xmldocumenttemplate_template_excelimporter$xmldocumenttemplateid" UNIQUE ("excelimporter$xmldocumenttemplateid"));
CREATE INDEX "idx_excelimporter$xmldocumenttemplate_template_excelimporter$template_excelimporter$xmldocumenttemplate" ON "excelimporter$xmldocumenttemplate_template" ("excelimporter$templateid" ASC,"excelimporter$xmldocumenttemplateid" ASC);
INSERT INTO "mendixsystem$association" ("id", 
"association_name", 
"table_name", 
"parent_entity_id", 
"child_entity_id", 
"parent_column_name", 
"child_column_name", 
"index_name")
 VALUES ('fa130596-62f0-4ca4-b829-c5bd97bc78be', 
'ExcelImporter.XMLDocumentTemplate_Template', 
'excelimporter$xmldocumenttemplate_template', 
'aaca8270-5d72-4fab-8671-98b82360638a', 
'0e76c0cf-9d03-43de-907e-3ca34fa67a45', 
'excelimporter$xmldocumenttemplateid', 
'excelimporter$templateid', 
'idx_excelimporter$xmldocumenttemplate_template_excelimporter$template_excelimporter$xmldocumenttemplate');
INSERT INTO "mendixsystem$unique_constraint" ("name", 
"table_id", 
"column_id")
 VALUES ('uniq_excelimporter$xmldocumenttemplate_template_excelimporter$xmldocumenttemplateid', 
'fa130596-62f0-4ca4-b829-c5bd97bc78be', 
'0f7307b9-0bfc-3bfc-9c9f-8af5d3e2be76');
CREATE TABLE "excelimporter$template" (
	"id" BIGINT NOT NULL,
	"nr" BIGINT NULL,
	"title" VARCHAR_IGNORECASE(50) NULL,
	"description" VARCHAR_IGNORECASE(2147483647) NULL,
	"sheetindex" INT NULL,
	"headerrownumber" INT NULL,
	"firstdatarownumber" INT NULL,
	"status" VARCHAR_IGNORECASE(7) NULL,
	"importaction" VARCHAR_IGNORECASE(23) NULL,
	"templatetype" VARCHAR_IGNORECASE(6) NULL,
	"createddate" TIMESTAMP NULL,
	"changeddate" TIMESTAMP NULL,
	"system$changedby" BIGINT NULL,
	"system$owner" BIGINT NULL,
	PRIMARY KEY("id"));
CREATE SEQUENCE "excelimporter$template_nr_mxseq" AS BIGINT START WITH 1;
CREATE INDEX "idx_excelimporter$template_system$changedby" ON "excelimporter$template" ("system$changedby" ASC,"id" ASC);
CREATE INDEX "idx_excelimporter$template_system$owner" ON "excelimporter$template" ("system$owner" ASC,"id" ASC);
INSERT INTO "mendixsystem$entity" ("id", 
"entity_name", 
"table_name", 
"remote", 
"remote_primary_key")
 VALUES ('0e76c0cf-9d03-43de-907e-3ca34fa67a45', 
'ExcelImporter.Template', 
'excelimporter$template', 
false, 
false);
INSERT INTO "mendixsystem$attribute" ("id", 
"entity_id", 
"attribute_name", 
"column_name", 
"type", 
"length", 
"default_value", 
"is_auto_number")
 VALUES ('4cb7a115-6207-4e68-b80d-7fc6b464c490', 
'0e76c0cf-9d03-43de-907e-3ca34fa67a45', 
'Nr', 
'nr', 
0, 
0, 
'1', 
true);
INSERT INTO "mendixsystem$sequence" ("attribute_id", 
"name", 
"start_value", 
"current_value")
 VALUES ('4cb7a115-6207-4e68-b80d-7fc6b464c490', 
'excelimporter$template_nr_mxseq', 
1, 
0);
INSERT INTO "mendixsystem$attribute" ("id", 
"entity_id", 
"attribute_name", 
"column_name", 
"type", 
"length", 
"default_value", 
"is_auto_number")
 VALUES ('b7e07e63-a576-4eac-8884-d8d19fca6255', 
'0e76c0cf-9d03-43de-907e-3ca34fa67a45', 
'Title', 
'title', 
30, 
50, 
'', 
false);
INSERT INTO "mendixsystem$attribute" ("id", 
"entity_id", 
"attribute_name", 
"column_name", 
"type", 
"length", 
"default_value", 
"is_auto_number")
 VALUES ('10cfa8ea-bc79-459f-9f8d-f757be39cca3', 
'0e76c0cf-9d03-43de-907e-3ca34fa67a45', 
'Description', 
'description', 
30, 
0, 
'', 
false);
INSERT INTO "mendixsystem$attribute" ("id", 
"entity_id", 
"attribute_name", 
"column_name", 
"type", 
"length", 
"default_value", 
"is_auto_number")
 VALUES ('b50d054a-ebe4-48d5-a425-8e2e1894f266', 
'0e76c0cf-9d03-43de-907e-3ca34fa67a45', 
'SheetIndex', 
'sheetindex', 
3, 
0, 
'1', 
false);
INSERT INTO "mendixsystem$attribute" ("id", 
"entity_id", 
"attribute_name", 
"column_name", 
"type", 
"length", 
"default_value", 
"is_auto_number")
 VALUES ('4079e635-d94d-475a-9c8c-9d4a68275f30', 
'0e76c0cf-9d03-43de-907e-3ca34fa67a45', 
'HeaderRowNumber', 
'headerrownumber', 
3, 
0, 
'1', 
false);
INSERT INTO "mendixsystem$attribute" ("id", 
"entity_id", 
"attribute_name", 
"column_name", 
"type", 
"length", 
"default_value", 
"is_auto_number")
 VALUES ('d2baa9fc-3219-4f91-9c94-8dc544b262e4', 
'0e76c0cf-9d03-43de-907e-3ca34fa67a45', 
'FirstDataRowNumber', 
'firstdatarownumber', 
3, 
0, 
'2', 
false);
INSERT INTO "mendixsystem$attribute" ("id", 
"entity_id", 
"attribute_name", 
"column_name", 
"type", 
"length", 
"default_value", 
"is_auto_number")
 VALUES ('93c03020-2406-47e0-ba3f-1f8b034d06b9', 
'0e76c0cf-9d03-43de-907e-3ca34fa67a45', 
'Status', 
'status', 
40, 
7, 
'INFO', 
false);
INSERT INTO "mendixsystem$attribute" ("id", 
"entity_id", 
"attribute_name", 
"column_name", 
"type", 
"length", 
"default_value", 
"is_auto_number")
 VALUES ('543926fc-7dea-4cd8-9df4-f6ec4a3f7f6d', 
'0e76c0cf-9d03-43de-907e-3ca34fa67a45', 
'ImportAction', 
'importaction', 
40, 
23, 
'SynchronizeObjects', 
false);
INSERT INTO "mendixsystem$attribute" ("id", 
"entity_id", 
"attribute_name", 
"column_name", 
"type", 
"length", 
"default_value", 
"is_auto_number")
 VALUES ('7fff6276-ab4b-4c8b-b487-18c0caffc608', 
'0e76c0cf-9d03-43de-907e-3ca34fa67a45', 
'TemplateType', 
'templatetype', 
40, 
6, 
'Normal', 
false);
INSERT INTO "mendixsystem$attribute" ("id", 
"entity_id", 
"attribute_name", 
"column_name", 
"type", 
"length", 
"default_value", 
"is_auto_number")
 VALUES ('a779df33-2f85-3c8b-b31a-2c8268c6ecd9', 
'0e76c0cf-9d03-43de-907e-3ca34fa67a45', 
'createdDate', 
'createddate', 
20, 
0, 
'', 
false);
INSERT INTO "mendixsystem$attribute" ("id", 
"entity_id", 
"attribute_name", 
"column_name", 
"type", 
"length", 
"default_value", 
"is_auto_number")
 VALUES ('6b0e24f2-10c5-3509-80de-62fe2d6617b1', 
'0e76c0cf-9d03-43de-907e-3ca34fa67a45', 
'changedDate', 
'changeddate', 
20, 
0, 
'', 
false);
INSERT INTO "mendixsystem$index" ("id", 
"table_id", 
"index_name")
 VALUES ('ee0b5d16-05c0-39a7-a5f9-203ce1578654', 
'0e76c0cf-9d03-43de-907e-3ca34fa67a45', 
'idx_excelimporter$template_system$changedby');
INSERT INTO "mendixsystem$index_column" ("index_id", 
"column_id", 
"sort_order", 
"ordinal")
 VALUES ('ee0b5d16-05c0-39a7-a5f9-203ce1578654', 
'7795966d-95d1-36e9-8405-43b0c55e5b0a', 
false, 
0);
INSERT INTO "mendixsystem$index" ("id", 
"table_id", 
"index_name")
 VALUES ('28edce46-90d5-3b7c-b70f-ee45dadbc834', 
'0e76c0cf-9d03-43de-907e-3ca34fa67a45', 
'idx_excelimporter$template_system$owner');
INSERT INTO "mendixsystem$index_column" ("index_id", 
"column_id", 
"sort_order", 
"ordinal")
 VALUES ('28edce46-90d5-3b7c-b70f-ee45dadbc834', 
'7cca5370-b648-3a78-a0f3-f2babe6af6de', 
false, 
0);
INSERT INTO "mendixsystem$association" ("id", 
"association_name", 
"table_name", 
"parent_entity_id", 
"child_entity_id", 
"parent_column_name", 
"child_column_name")
 VALUES ('7795966d-95d1-36e9-8405-43b0c55e5b0a', 
'System.changedBy', 
'system$changedby', 
'0e76c0cf-9d03-43de-907e-3ca34fa67a45', 
'282e2e60-88a5-469d-84a5-ba8d9151644f', 
'id', 
'system$changedby');
INSERT INTO "mendixsystem$association" ("id", 
"association_name", 
"table_name", 
"parent_entity_id", 
"child_entity_id", 
"parent_column_name", 
"child_column_name")
 VALUES ('7cca5370-b648-3a78-a0f3-f2babe6af6de', 
'System.owner', 
'system$owner', 
'0e76c0cf-9d03-43de-907e-3ca34fa67a45', 
'282e2e60-88a5-469d-84a5-ba8d9151644f', 
'id', 
'system$owner');
CREATE TABLE "excelimporter$template_mxobjectreference_parentassociation" (
	"excelimporter$templateid" BIGINT NOT NULL,
	"mxmodelreflection$mxobjectreferenceid" BIGINT NOT NULL,
	PRIMARY KEY("excelimporter$templateid","mxmodelreflection$mxobjectreferenceid"),
	CONSTRAINT "uniq_excelimporter$template_mxobjectreference_parentassociation_excelimporter$templateid" UNIQUE ("excelimporter$templateid"));
CREATE INDEX "idx_excelimporter$template_mxobjectreference_parentassociation_mxmodelreflection$mxobjectreference_excelimporter$template" ON "excelimporter$template_mxobjectreference_parentassociation" ("mxmodelreflection$mxobjectreferenceid" ASC,"excelimporter$templateid" ASC);
INSERT INTO "mendixsystem$association" ("id", 
"association_name", 
"table_name", 
"parent_entity_id", 
"child_entity_id", 
"parent_column_name", 
"child_column_name", 
"index_name")
 VALUES ('be0f0ea4-332a-4637-8739-2369986c76d2', 
'ExcelImporter.Template_MxObjectReference_ParentAssociation', 
'excelimporter$template_mxobjectreference_parentassociation', 
'0e76c0cf-9d03-43de-907e-3ca34fa67a45', 
'1924ec90-c76d-4d34-828f-ee4cf24dc1ca', 
'excelimporter$templateid', 
'mxmodelreflection$mxobjectreferenceid', 
'idx_excelimporter$template_mxobjectreference_parentassociation_mxmodelreflection$mxobjectreference_excelimporter$template');
INSERT INTO "mendixsystem$unique_constraint" ("name", 
"table_id", 
"column_id")
 VALUES ('uniq_excelimporter$template_mxobjectreference_parentassociation_excelimporter$templateid', 
'be0f0ea4-332a-4637-8739-2369986c76d2', 
'375c61ec-978d-368a-9c0b-c0782a2f96f4');
CREATE TABLE "excelimporter$template_additionalproperties" (
	"excelimporter$templateid" BIGINT NOT NULL,
	"excelimporter$additionalpropertiesid" BIGINT NOT NULL,
	PRIMARY KEY("excelimporter$templateid","excelimporter$additionalpropertiesid"),
	CONSTRAINT "uniq_excelimporter$template_additionalproperties_excelimporter$additionalpropertiesid" UNIQUE ("excelimporter$additionalpropertiesid"),
	CONSTRAINT "uniq_excelimporter$template_additionalproperties_excelimporter$templateid" UNIQUE ("excelimporter$templateid"));
CREATE INDEX "idx_excelimporter$template_additionalproperties_excelimporter$additionalproperties_excelimporter$template" ON "excelimporter$template_additionalproperties" ("excelimporter$additionalpropertiesid" ASC,"excelimporter$templateid" ASC);
INSERT INTO "mendixsystem$association" ("id", 
"association_name", 
"table_name", 
"parent_entity_id", 
"child_entity_id", 
"parent_column_name", 
"child_column_name", 
"index_name")
 VALUES ('12fdec30-1134-4225-92df-6e0577fce3ca', 
'ExcelImporter.Template_AdditionalProperties', 
'excelimporter$template_additionalproperties', 
'0e76c0cf-9d03-43de-907e-3ca34fa67a45', 
'9d7316ed-65c0-46d0-8456-ab7c872d273c', 
'excelimporter$templateid', 
'excelimporter$additionalpropertiesid', 
'idx_excelimporter$template_additionalproperties_excelimporter$additionalproperties_excelimporter$template');
INSERT INTO "mendixsystem$unique_constraint" ("name", 
"table_id", 
"column_id")
 VALUES ('uniq_excelimporter$template_additionalproperties_excelimporter$additionalpropertiesid', 
'12fdec30-1134-4225-92df-6e0577fce3ca', 
'122a1e9e-f44f-3a11-8f6a-087b62f90cdf');
INSERT INTO "mendixsystem$unique_constraint" ("name", 
"table_id", 
"column_id")
 VALUES ('uniq_excelimporter$template_additionalproperties_excelimporter$templateid', 
'12fdec30-1134-4225-92df-6e0577fce3ca', 
'b450bf97-9187-3637-a76c-cfef8d8e52ff');
CREATE TABLE "excelimporter$template_mastertemplate" (
	"excelimporter$templateid1" BIGINT NOT NULL,
	"excelimporter$templateid2" BIGINT NOT NULL,
	PRIMARY KEY("excelimporter$templateid1","excelimporter$templateid2"),
	CONSTRAINT "uniq_excelimporter$template_mastertemplate_excelimporter$templateid1" UNIQUE ("excelimporter$templateid1"));
CREATE INDEX "idx_excelimporter$template_mastertemplate_excelimporter$template_excelimporter$template" ON "excelimporter$template_mastertemplate" ("excelimporter$templateid2" ASC,"excelimporter$templateid1" ASC);
INSERT INTO "mendixsystem$association" ("id", 
"association_name", 
"table_name", 
"parent_entity_id", 
"child_entity_id", 
"parent_column_name", 
"child_column_name", 
"index_name")
 VALUES ('5e313c50-93f8-4c46-ae2c-44aeed4df1da', 
'ExcelImporter.Template_MasterTemplate', 
'excelimporter$template_mastertemplate', 
'0e76c0cf-9d03-43de-907e-3ca34fa67a45', 
'0e76c0cf-9d03-43de-907e-3ca34fa67a45', 
'excelimporter$templateid1', 
'excelimporter$templateid2', 
'idx_excelimporter$template_mastertemplate_excelimporter$template_excelimporter$template');
INSERT INTO "mendixsystem$unique_constraint" ("name", 
"table_id", 
"column_id")
 VALUES ('uniq_excelimporter$template_mastertemplate_excelimporter$templateid1', 
'5e313c50-93f8-4c46-ae2c-44aeed4df1da', 
'02ffb8ef-f75c-3d13-bcab-0bcc005e27a4');
CREATE TABLE "excelimporter$template_mxobjecttype" (
	"excelimporter$templateid" BIGINT NOT NULL,
	"mxmodelreflection$mxobjecttypeid" BIGINT NOT NULL,
	PRIMARY KEY("excelimporter$templateid","mxmodelreflection$mxobjecttypeid"),
	CONSTRAINT "uniq_excelimporter$template_mxobjecttype_excelimporter$templateid" UNIQUE ("excelimporter$templateid"));
CREATE INDEX "idx_excelimporter$template_mxobjecttype_mxmodelreflection$mxobjecttype_excelimporter$template" ON "excelimporter$template_mxobjecttype" ("mxmodelreflection$mxobjecttypeid" ASC,"excelimporter$templateid" ASC);
INSERT INTO "mendixsystem$association" ("id", 
"association_name", 
"table_name", 
"parent_entity_id", 
"child_entity_id", 
"parent_column_name", 
"child_column_name", 
"index_name")
 VALUES ('3679cf32-fad7-4904-8021-ed8d7adfcd39', 
'ExcelImporter.Template_MxObjectType', 
'excelimporter$template_mxobjecttype', 
'0e76c0cf-9d03-43de-907e-3ca34fa67a45', 
'a2e02af3-924f-4960-8ea0-3931d519e13c', 
'excelimporter$templateid', 
'mxmodelreflection$mxobjecttypeid', 
'idx_excelimporter$template_mxobjecttype_mxmodelreflection$mxobjecttype_excelimporter$template');
INSERT INTO "mendixsystem$unique_constraint" ("name", 
"table_id", 
"column_id")
 VALUES ('uniq_excelimporter$template_mxobjecttype_excelimporter$templateid', 
'3679cf32-fad7-4904-8021-ed8d7adfcd39', 
'20c88637-be97-3d66-91c4-d9d6990e09e2');
CREATE TABLE "excelimporter$referencehandling" (
	"id" BIGINT NOT NULL,
	"handling" VARCHAR_IGNORECASE(20) NULL,
	"datahandling" VARCHAR_IGNORECASE(9) NULL,
	"printnotfoundmessages" BOOLEAN NULL,
	"commitunchangedobjects" BOOLEAN NULL,
	"ignoreemptykeys" BOOLEAN NULL,
	"createddate" TIMESTAMP NULL,
	"changeddate" TIMESTAMP NULL,
	"system$owner" BIGINT NULL,
	"system$changedby" BIGINT NULL,
	PRIMARY KEY("id"));
CREATE INDEX "idx_excelimporter$referencehandling_system$owner" ON "excelimporter$referencehandling" ("system$owner" ASC,"id" ASC);
CREATE INDEX "idx_excelimporter$referencehandling_system$changedby" ON "excelimporter$referencehandling" ("system$changedby" ASC,"id" ASC);
INSERT INTO "mendixsystem$entity" ("id", 
"entity_name", 
"table_name", 
"remote", 
"remote_primary_key")
 VALUES ('53ca3e14-7a8e-4a8e-acf7-6cc2195c4a6e', 
'ExcelImporter.ReferenceHandling', 
'excelimporter$referencehandling', 
false, 
false);
INSERT INTO "mendixsystem$attribute" ("id", 
"entity_id", 
"attribute_name", 
"column_name", 
"type", 
"length", 
"default_value", 
"is_auto_number")
 VALUES ('70119004-0343-4941-be83-7bbb5254d573', 
'53ca3e14-7a8e-4a8e-acf7-6cc2195c4a6e', 
'Handling', 
'handling', 
40, 
20, 
'FindCreate', 
false);
INSERT INTO "mendixsystem$attribute" ("id", 
"entity_id", 
"attribute_name", 
"column_name", 
"type", 
"length", 
"default_value", 
"is_auto_number")
 VALUES ('a35663ae-9551-42c4-8dd8-6c6570a699ce', 
'53ca3e14-7a8e-4a8e-acf7-6cc2195c4a6e', 
'DataHandling', 
'datahandling', 
40, 
9, 
'Overwrite', 
false);
INSERT INTO "mendixsystem$attribute" ("id", 
"entity_id", 
"attribute_name", 
"column_name", 
"type", 
"length", 
"default_value", 
"is_auto_number")
 VALUES ('7207ec37-745d-4824-b64b-3024cbb8ba8c', 
'53ca3e14-7a8e-4a8e-acf7-6cc2195c4a6e', 
'PrintNotFoundMessages', 
'printnotfoundmessages', 
10, 
0, 
'false', 
false);
INSERT INTO "mendixsystem$attribute" ("id", 
"entity_id", 
"attribute_name", 
"column_name", 
"type", 
"length", 
"default_value", 
"is_auto_number")
 VALUES ('8fcbe4a2-8caa-4efa-9473-47b0e61225e0', 
'53ca3e14-7a8e-4a8e-acf7-6cc2195c4a6e', 
'CommitUnchangedObjects', 
'commitunchangedobjects', 
10, 
0, 
'true', 
false);
INSERT INTO "mendixsystem$attribute" ("id", 
"entity_id", 
"attribute_name", 
"column_name", 
"type", 
"length", 
"default_value", 
"is_auto_number")
 VALUES ('8d2095b1-6beb-4ab2-bc45-6c507a17e250', 
'53ca3e14-7a8e-4a8e-acf7-6cc2195c4a6e', 
'IgnoreEmptyKeys', 
'ignoreemptykeys', 
10, 
0, 
'true', 
false);
INSERT INTO "mendixsystem$attribute" ("id", 
"entity_id", 
"attribute_name", 
"column_name", 
"type", 
"length", 
"default_value", 
"is_auto_number")
 VALUES ('31b9dc9d-4338-38c2-93f8-70c4be47bf2b', 
'53ca3e14-7a8e-4a8e-acf7-6cc2195c4a6e', 
'createdDate', 
'createddate', 
20, 
0, 
'', 
false);
INSERT INTO "mendixsystem$attribute" ("id", 
"entity_id", 
"attribute_name", 
"column_name", 
"type", 
"length", 
"default_value", 
"is_auto_number")
 VALUES ('621fb7dc-1c27-3920-b527-c87bcf108e36', 
'53ca3e14-7a8e-4a8e-acf7-6cc2195c4a6e', 
'changedDate', 
'changeddate', 
20, 
0, 
'', 
false);
INSERT INTO "mendixsystem$index" ("id", 
"table_id", 
"index_name")
 VALUES ('cc20dc6b-af73-3433-9638-710e8c661a19', 
'53ca3e14-7a8e-4a8e-acf7-6cc2195c4a6e', 
'idx_excelimporter$referencehandling_system$owner');
INSERT INTO "mendixsystem$index_column" ("index_id", 
"column_id", 
"sort_order", 
"ordinal")
 VALUES ('cc20dc6b-af73-3433-9638-710e8c661a19', 
'3677aa2d-c0e5-395a-9eee-dcf4b447067b', 
false, 
0);
INSERT INTO "mendixsystem$index" ("id", 
"table_id", 
"index_name")
 VALUES ('b93cd4e3-a932-3e79-a1b7-516ece025571', 
'53ca3e14-7a8e-4a8e-acf7-6cc2195c4a6e', 
'idx_excelimporter$referencehandling_system$changedby');
INSERT INTO "mendixsystem$index_column" ("index_id", 
"column_id", 
"sort_order", 
"ordinal")
 VALUES ('b93cd4e3-a932-3e79-a1b7-516ece025571', 
'7795cf6d-fdef-3302-a927-461f718f2cf5', 
false, 
0);
INSERT INTO "mendixsystem$association" ("id", 
"association_name", 
"table_name", 
"parent_entity_id", 
"child_entity_id", 
"parent_column_name", 
"child_column_name")
 VALUES ('3677aa2d-c0e5-395a-9eee-dcf4b447067b', 
'System.owner', 
'system$owner', 
'53ca3e14-7a8e-4a8e-acf7-6cc2195c4a6e', 
'282e2e60-88a5-469d-84a5-ba8d9151644f', 
'id', 
'system$owner');
INSERT INTO "mendixsystem$association" ("id", 
"association_name", 
"table_name", 
"parent_entity_id", 
"child_entity_id", 
"parent_column_name", 
"child_column_name")
 VALUES ('7795cf6d-fdef-3302-a927-461f718f2cf5', 
'System.changedBy', 
'system$changedby', 
'53ca3e14-7a8e-4a8e-acf7-6cc2195c4a6e', 
'282e2e60-88a5-469d-84a5-ba8d9151644f', 
'id', 
'system$changedby');
CREATE TABLE "excelimporter$referencehandling_template" (
	"excelimporter$referencehandlingid" BIGINT NOT NULL,
	"excelimporter$templateid" BIGINT NOT NULL,
	PRIMARY KEY("excelimporter$referencehandlingid","excelimporter$templateid"),
	CONSTRAINT "uniq_excelimporter$referencehandling_template_excelimporter$referencehandlingid" UNIQUE ("excelimporter$referencehandlingid"));
CREATE INDEX "idx_excelimporter$referencehandling_template_excelimporter$template_excelimporter$referencehandling" ON "excelimporter$referencehandling_template" ("excelimporter$templateid" ASC,"excelimporter$referencehandlingid" ASC);
INSERT INTO "mendixsystem$association" ("id", 
"association_name", 
"table_name", 
"parent_entity_id", 
"child_entity_id", 
"parent_column_name", 
"child_column_name", 
"index_name")
 VALUES ('91dd7c46-e92c-470b-8f9b-b4cd749c1b91', 
'ExcelImporter.ReferenceHandling_Template', 
'excelimporter$referencehandling_template', 
'53ca3e14-7a8e-4a8e-acf7-6cc2195c4a6e', 
'0e76c0cf-9d03-43de-907e-3ca34fa67a45', 
'excelimporter$referencehandlingid', 
'excelimporter$templateid', 
'idx_excelimporter$referencehandling_template_excelimporter$template_excelimporter$referencehandling');
INSERT INTO "mendixsystem$unique_constraint" ("name", 
"table_id", 
"column_id")
 VALUES ('uniq_excelimporter$referencehandling_template_excelimporter$referencehandlingid', 
'91dd7c46-e92c-470b-8f9b-b4cd749c1b91', 
'61a8efcd-dda9-339c-9251-693a2ec5b57d');
CREATE TABLE "excelimporter$referencehandling_mxobjectreference" (
	"excelimporter$referencehandlingid" BIGINT NOT NULL,
	"mxmodelreflection$mxobjectreferenceid" BIGINT NOT NULL,
	PRIMARY KEY("excelimporter$referencehandlingid","mxmodelreflection$mxobjectreferenceid"),
	CONSTRAINT "uniq_excelimporter$referencehandling_mxobjectreference_excelimporter$referencehandlingid" UNIQUE ("excelimporter$referencehandlingid"));
CREATE INDEX "idx_excelimporter$referencehandling_mxobjectreference_mxmodelreflection$mxobjectreference_excelimporter$referencehandling" ON "excelimporter$referencehandling_mxobjectreference" ("mxmodelreflection$mxobjectreferenceid" ASC,"excelimporter$referencehandlingid" ASC);
INSERT INTO "mendixsystem$association" ("id", 
"association_name", 
"table_name", 
"parent_entity_id", 
"child_entity_id", 
"parent_column_name", 
"child_column_name", 
"index_name")
 VALUES ('61a6c7db-9dc0-418f-89ed-116d04220e73', 
'ExcelImporter.ReferenceHandling_MxObjectReference', 
'excelimporter$referencehandling_mxobjectreference', 
'53ca3e14-7a8e-4a8e-acf7-6cc2195c4a6e', 
'1924ec90-c76d-4d34-828f-ee4cf24dc1ca', 
'excelimporter$referencehandlingid', 
'mxmodelreflection$mxobjectreferenceid', 
'idx_excelimporter$referencehandling_mxobjectreference_mxmodelreflection$mxobjectreference_excelimporter$referencehandling');
INSERT INTO "mendixsystem$unique_constraint" ("name", 
"table_id", 
"column_id")
 VALUES ('uniq_excelimporter$referencehandling_mxobjectreference_excelimporter$referencehandlingid', 
'61a6c7db-9dc0-418f-89ed-116d04220e73', 
'909e2609-952f-36e0-b25b-c35bd53339c3');
CREATE TABLE "salesmanager$product" (
	"id" BIGINT NOT NULL,
	"productid" INT NULL,
	"productname" VARCHAR_IGNORECASE(200) NULL,
	"cost" DECIMAL(28, 8) NULL,
	"saleprice" DECIMAL(28, 8) NULL,
	"tax" DECIMAL(28, 8) NULL,
	PRIMARY KEY("id"));
INSERT INTO "mendixsystem$entity" ("id", 
"entity_name", 
"table_name", 
"remote", 
"remote_primary_key")
 VALUES ('b53e8ade-1136-42d6-8b9d-cb549fefc0cb', 
'SalesManager.Product', 
'salesmanager$product', 
false, 
false);
INSERT INTO "mendixsystem$attribute" ("id", 
"entity_id", 
"attribute_name", 
"column_name", 
"type", 
"length", 
"default_value", 
"is_auto_number")
 VALUES ('8e6160e6-c00b-43e6-99e3-5dff6d3c0490', 
'b53e8ade-1136-42d6-8b9d-cb549fefc0cb', 
'ProductId', 
'productid', 
3, 
0, 
'0', 
false);
INSERT INTO "mendixsystem$attribute" ("id", 
"entity_id", 
"attribute_name", 
"column_name", 
"type", 
"length", 
"default_value", 
"is_auto_number")
 VALUES ('a8180843-d540-49e9-9204-e0326eb6aa3e', 
'b53e8ade-1136-42d6-8b9d-cb549fefc0cb', 
'ProductName', 
'productname', 
30, 
200, 
'', 
false);
INSERT INTO "mendixsystem$attribute" ("id", 
"entity_id", 
"attribute_name", 
"column_name", 
"type", 
"length", 
"default_value", 
"is_auto_number")
 VALUES ('47ebbde7-bba1-41d3-942f-c32344316683', 
'b53e8ade-1136-42d6-8b9d-cb549fefc0cb', 
'Cost', 
'cost', 
5, 
0, 
'0', 
false);
INSERT INTO "mendixsystem$attribute" ("id", 
"entity_id", 
"attribute_name", 
"column_name", 
"type", 
"length", 
"default_value", 
"is_auto_number")
 VALUES ('392fa8d1-1552-4537-baf6-80fe697dc3d1', 
'b53e8ade-1136-42d6-8b9d-cb549fefc0cb', 
'SalePrice', 
'saleprice', 
5, 
0, 
'0', 
false);
INSERT INTO "mendixsystem$attribute" ("id", 
"entity_id", 
"attribute_name", 
"column_name", 
"type", 
"length", 
"default_value", 
"is_auto_number")
 VALUES ('1a585419-ea2a-4961-9a61-f4676ddfe19c', 
'b53e8ade-1136-42d6-8b9d-cb549fefc0cb', 
'Tax', 
'tax', 
5, 
0, 
'0', 
false);
CREATE TABLE "mxmodelreflection$mxobjecttype" (
	"id" BIGINT NOT NULL,
	"completename" VARCHAR_IGNORECASE(200) NULL,
	"name" VARCHAR_IGNORECASE(200) NULL,
	"module" VARCHAR_IGNORECASE(200) NULL,
	"readablename" VARCHAR_IGNORECASE(400) NULL,
	"persistencetype" VARCHAR_IGNORECASE(14) NULL,
	"createddate" TIMESTAMP NULL,
	"changeddate" TIMESTAMP NULL,
	"system$owner" BIGINT NULL,
	"system$changedby" BIGINT NULL,
	PRIMARY KEY("id"));
CREATE INDEX "idx_mxmodelreflection$mxobjecttype_system$owner" ON "mxmodelreflection$mxobjecttype" ("system$owner" ASC,"id" ASC);
CREATE INDEX "idx_mxmodelreflection$mxobjecttype_system$changedby" ON "mxmodelreflection$mxobjecttype" ("system$changedby" ASC,"id" ASC);
INSERT INTO "mendixsystem$entity" ("id", 
"entity_name", 
"table_name", 
"remote", 
"remote_primary_key")
 VALUES ('a2e02af3-924f-4960-8ea0-3931d519e13c', 
'MxModelReflection.MxObjectType', 
'mxmodelreflection$mxobjecttype', 
false, 
false);
INSERT INTO "mendixsystem$attribute" ("id", 
"entity_id", 
"attribute_name", 
"column_name", 
"type", 
"length", 
"default_value", 
"is_auto_number")
 VALUES ('fb6be954-356d-43b2-863b-d4ad11be3a87', 
'a2e02af3-924f-4960-8ea0-3931d519e13c', 
'CompleteName', 
'completename', 
30, 
200, 
'', 
false);
INSERT INTO "mendixsystem$attribute" ("id", 
"entity_id", 
"attribute_name", 
"column_name", 
"type", 
"length", 
"default_value", 
"is_auto_number")
 VALUES ('df231432-9e09-468d-af4e-8d1a3466794f', 
'a2e02af3-924f-4960-8ea0-3931d519e13c', 
'Name', 
'name', 
30, 
200, 
'', 
false);
INSERT INTO "mendixsystem$attribute" ("id", 
"entity_id", 
"attribute_name", 
"column_name", 
"type", 
"length", 
"default_value", 
"is_auto_number")
 VALUES ('e4966f41-c070-41f7-879e-f56a5228a203', 
'a2e02af3-924f-4960-8ea0-3931d519e13c', 
'Module', 
'module', 
30, 
200, 
'', 
false);
INSERT INTO "mendixsystem$attribute" ("id", 
"entity_id", 
"attribute_name", 
"column_name", 
"type", 
"length", 
"default_value", 
"is_auto_number")
 VALUES ('57a44a15-ef66-4cfa-84cf-80049e38e5f4', 
'a2e02af3-924f-4960-8ea0-3931d519e13c', 
'ReadableName', 
'readablename', 
30, 
400, 
'', 
false);
INSERT INTO "mendixsystem$attribute" ("id", 
"entity_id", 
"attribute_name", 
"column_name", 
"type", 
"length", 
"default_value", 
"is_auto_number")
 VALUES ('4bcaf3b8-84e9-4084-8b7c-27e53f3db984', 
'a2e02af3-924f-4960-8ea0-3931d519e13c', 
'PersistenceType', 
'persistencetype', 
40, 
14, 
'Persistable', 
false);
INSERT INTO "mendixsystem$attribute" ("id", 
"entity_id", 
"attribute_name", 
"column_name", 
"type", 
"length", 
"default_value", 
"is_auto_number")
 VALUES ('bde84468-bb2c-33d9-bc92-ac55edf5cae6', 
'a2e02af3-924f-4960-8ea0-3931d519e13c', 
'createdDate', 
'createddate', 
20, 
0, 
'', 
false);
INSERT INTO "mendixsystem$attribute" ("id", 
"entity_id", 
"attribute_name", 
"column_name", 
"type", 
"length", 
"default_value", 
"is_auto_number")
 VALUES ('5e2c3415-741d-3333-ac74-c6f04c709e2d', 
'a2e02af3-924f-4960-8ea0-3931d519e13c', 
'changedDate', 
'changeddate', 
20, 
0, 
'', 
false);
INSERT INTO "mendixsystem$index" ("id", 
"table_id", 
"index_name")
 VALUES ('b028acda-c46d-39eb-81a4-fc16946e2269', 
'a2e02af3-924f-4960-8ea0-3931d519e13c', 
'idx_mxmodelreflection$mxobjecttype_system$owner');
INSERT INTO "mendixsystem$index_column" ("index_id", 
"column_id", 
"sort_order", 
"ordinal")
 VALUES ('b028acda-c46d-39eb-81a4-fc16946e2269', 
'c9832348-6e08-3615-aed1-a7dfd7277ecd', 
false, 
0);
INSERT INTO "mendixsystem$index" ("id", 
"table_id", 
"index_name")
 VALUES ('a71b8ce6-2a58-3462-b8bb-9ce71834c2c7', 
'a2e02af3-924f-4960-8ea0-3931d519e13c', 
'idx_mxmodelreflection$mxobjecttype_system$changedby');
INSERT INTO "mendixsystem$index_column" ("index_id", 
"column_id", 
"sort_order", 
"ordinal")
 VALUES ('a71b8ce6-2a58-3462-b8bb-9ce71834c2c7', 
'd68268e7-08d4-315b-a8d6-0699592f9b67', 
false, 
0);
INSERT INTO "mendixsystem$association" ("id", 
"association_name", 
"table_name", 
"parent_entity_id", 
"child_entity_id", 
"parent_column_name", 
"child_column_name")
 VALUES ('c9832348-6e08-3615-aed1-a7dfd7277ecd', 
'System.owner', 
'system$owner', 
'a2e02af3-924f-4960-8ea0-3931d519e13c', 
'282e2e60-88a5-469d-84a5-ba8d9151644f', 
'id', 
'system$owner');
INSERT INTO "mendixsystem$association" ("id", 
"association_name", 
"table_name", 
"parent_entity_id", 
"child_entity_id", 
"parent_column_name", 
"child_column_name")
 VALUES ('d68268e7-08d4-315b-a8d6-0699592f9b67', 
'System.changedBy', 
'system$changedby', 
'a2e02af3-924f-4960-8ea0-3931d519e13c', 
'282e2e60-88a5-469d-84a5-ba8d9151644f', 
'id', 
'system$changedby');
CREATE TABLE "mxmodelreflection$mxobjecttype_subclassof_mxobjecttype" (
	"mxmodelreflection$mxobjecttypeid1" BIGINT NOT NULL,
	"mxmodelreflection$mxobjecttypeid2" BIGINT NOT NULL,
	PRIMARY KEY("mxmodelreflection$mxobjecttypeid1","mxmodelreflection$mxobjecttypeid2"));
CREATE INDEX "idx_mxmodelreflection$mxobjecttype_subclassof_mxobjecttype_mxmodelreflection$mxobjecttype_mxmodelreflection$mxobjecttype" ON "mxmodelreflection$mxobjecttype_subclassof_mxobjecttype" ("mxmodelreflection$mxobjecttypeid2" ASC,"mxmodelreflection$mxobjecttypeid1" ASC);
INSERT INTO "mendixsystem$association" ("id", 
"association_name", 
"table_name", 
"parent_entity_id", 
"child_entity_id", 
"parent_column_name", 
"child_column_name", 
"index_name")
 VALUES ('c5c6c7ad-ab73-4d8b-963f-6850455e7f59', 
'MxModelReflection.MxObjectType_SubClassOf_MxObjectType', 
'mxmodelreflection$mxobjecttype_subclassof_mxobjecttype', 
'a2e02af3-924f-4960-8ea0-3931d519e13c', 
'a2e02af3-924f-4960-8ea0-3931d519e13c', 
'mxmodelreflection$mxobjecttypeid1', 
'mxmodelreflection$mxobjecttypeid2', 
'idx_mxmodelreflection$mxobjecttype_subclassof_mxobjecttype_mxmodelreflection$mxobjecttype_mxmodelreflection$mxobjecttype');
CREATE TABLE "mxmodelreflection$mxobjecttype_module" (
	"mxmodelreflection$mxobjecttypeid" BIGINT NOT NULL,
	"mxmodelreflection$moduleid" BIGINT NOT NULL,
	PRIMARY KEY("mxmodelreflection$mxobjecttypeid","mxmodelreflection$moduleid"),
	CONSTRAINT "uniq_mxmodelreflection$mxobjecttype_module_mxmodelreflection$mxobjecttypeid" UNIQUE ("mxmodelreflection$mxobjecttypeid"));
CREATE INDEX "idx_mxmodelreflection$mxobjecttype_module_mxmodelreflection$module_mxmodelreflection$mxobjecttype" ON "mxmodelreflection$mxobjecttype_module" ("mxmodelreflection$moduleid" ASC,"mxmodelreflection$mxobjecttypeid" ASC);
INSERT INTO "mendixsystem$association" ("id", 
"association_name", 
"table_name", 
"parent_entity_id", 
"child_entity_id", 
"parent_column_name", 
"child_column_name", 
"index_name")
 VALUES ('72aee778-f21e-425b-980b-61f5143c1acc', 
'MxModelReflection.MxObjectType_Module', 
'mxmodelreflection$mxobjecttype_module', 
'a2e02af3-924f-4960-8ea0-3931d519e13c', 
'ce751dfd-ca45-4842-bf30-f24ec84abf16', 
'mxmodelreflection$mxobjecttypeid', 
'mxmodelreflection$moduleid', 
'idx_mxmodelreflection$mxobjecttype_module_mxmodelreflection$module_mxmodelreflection$mxobjecttype');
INSERT INTO "mendixsystem$unique_constraint" ("name", 
"table_id", 
"column_id")
 VALUES ('uniq_mxmodelreflection$mxobjecttype_module_mxmodelreflection$mxobjecttypeid', 
'72aee778-f21e-425b-980b-61f5143c1acc', 
'46115970-1204-3d72-91ea-6b87f9cdc0ef');
UPDATE "mendixsystem$version"
 SET "versionnumber" = '4.2', 
"lastsyncdate" = '20240417 09:55:50';
